original_name,image_key,clean_key,candidate_count,candidates,reason
077_.png,077,077,0,[],aucune-correspondance
09865_9R.  #1,098659r,098659r,0,[],aucune-correspondance
09865_9R.  #2,098659r,098659r,0,[],aucune-correspondance
09865_9R.  #3,098659r,098659r,0,[],aucune-correspondance
09865_9R.  #4,098659r,098659r,0,[],aucune-correspondance
118.png,118,118,3,"[""2450/1"", ""2455/1"", ""2882/1""]",ambigu
11813_1 bk. #1,118131bk,118131,3,"[""2450/1"", ""2455/1"", ""2882/1""]",ambigu
11813_1 bk. #2,118131bk,118131,3,"[""2450/1"", ""2455/1"", ""2882/1""]",ambigu
11813_1 bk. #3,118131bk,118131,3,"[""2450/1"", ""2455/1"", ""2882/1""]",ambigu
11813_1 bk. #4,118131bk,118131,3,"[""2450/1"", ""2455/1"", ""2882/1""]",ambigu
12209.    #1,12209,12209,5,"[""2450/1"", ""2455/1"", ""2882/1"", ""L006/12"", ""MX 65 /12""]",ambigu
12209.    #2,12209,12209,5,"[""2450/1"", ""2455/1"", ""2882/1"", ""L006/12"", ""MX 65 /12""]",ambigu
12209.    #3,12209,12209,5,"[""2450/1"", ""2455/1"", ""2882/1"", ""L006/12"", ""MX 65 /12""]",ambigu
12209.    #4,12209,12209,5,"[""2450/1"", ""2455/1"", ""2882/1"", ""L006/12"", ""MX 65 /12""]",ambigu
131.png,131,131,4,"[""2450/1"", ""2455/1"", ""2882/1"", ""L012/13""]",ambigu
1701.  #1,1701,1701,3,"[""2450/1"", ""2455/1"", ""2882/1""]",ambigu
1701.  #2,1701,1701,3,"[""2450/1"", ""2455/1"", ""2882/1""]",ambigu
1701.  #3,1701,1701,3,"[""2450/1"", ""2455/1"", ""2882/1""]",ambigu
1701.  #4,1701,1701,3,"[""2450/1"", ""2455/1"", ""2882/1""]",ambigu
171_90.jpg,17190,17190,3,"[""2450/1"", ""2455/1"", ""2882/1""]",ambigu
173_.jpg,173,173,3,"[""2450/1"", ""2455/1"", ""2882/1""]",ambigu
1750.  #1,1750,1750,3,"[""2450/1"", ""2455/1"", ""2882/1""]",ambigu
1750.  #2,1750,1750,3,"[""2450/1"", ""2455/1"", ""2882/1""]",ambigu
1750.  #3,1750,1750,3,"[""2450/1"", ""2455/1"", ""2882/1""]",ambigu
1750.  #4,1750,1750,3,"[""2450/1"", ""2455/1"", ""2882/1""]",ambigu
1752.  #1,1752,1752,3,"[""2450/1"", ""2455/1"", ""2882/1""]",ambigu
1752.  #2,1752,1752,3,"[""2450/1"", ""2455/1"", ""2882/1""]",ambigu
1752.  #3,1752,1752,3,"[""2450/1"", ""2455/1"", ""2882/1""]",ambigu
1752.  #4,1752,1752,3,"[""2450/1"", ""2455/1"", ""2882/1""]",ambigu
175_90cm.jpg,17590cm,17590,3,"[""2450/1"", ""2455/1"", ""2882/1""]",ambigu
2026 F   #1.png,2026f,2026f,3,"[""2450/2"", ""2455/2"", ""2882/2""]",ambigu
2026 F   #2.png,2026f,2026f,3,"[""2450/2"", ""2455/2"", ""2882/2""]",ambigu
2026 F   #3.png,2026f,2026f,3,"[""2450/2"", ""2455/2"", ""2882/2""]",ambigu
2026 F   #4.png,2026f,2026f,3,"[""2450/2"", ""2455/2"", ""2882/2""]",ambigu
2101_.png,2101,2101,6,"[""2450/2"", ""2455/2"", ""2882/2"", ""8144/2-1"", ""8274/2-1"", ""8420/2-1""]",ambigu
2128_3-1-2-3.jpg,21283123,21283123,10,"[""2450/2"", ""2455/2"", ""2628/2-1-2"", ""2736/2-1-2"", ""2757/2-1-2"", ""2759/2-1-2"", ""2787/2-1-2"", ""2794/2-1-2"", ""2882/2"", ""2893/2-1-2""]",ambigu
21804.png,21804,21804,6,"[""2450/2"", ""2455/2"", ""2882/2"", ""8144/2-1"", ""8274/2-1"", ""8420/2-1""]",ambigu
222.png,222,222,4,"[""2450/2"", ""2455/2"", ""2882/2"", ""8274/2-2""]",ambigu
2233_ grey and white. #1,2233greyandwhite,2233,4,"[""2450/2"", ""2455/2"", ""2882/2"", ""8274/2-2""]",ambigu
2233_ grey and white. #2,2233greyandwhite,2233,4,"[""2450/2"", ""2455/2"", ""2882/2"", ""8274/2-2""]",ambigu
2233_ grey and white. #3,2233greyandwhite,2233,4,"[""2450/2"", ""2455/2"", ""2882/2"", ""8274/2-2""]",ambigu
2233_ grey and white. #4,2233greyandwhite,2233,4,"[""2450/2"", ""2455/2"", ""2882/2"", ""8274/2-2""]",ambigu
2233_grey.   #1,2233grey,2233,4,"[""2450/2"", ""2455/2"", ""2882/2"", ""8274/2-2""]",ambigu
2233_grey.   #2,2233grey,2233,4,"[""2450/2"", ""2455/2"", ""2882/2"", ""8274/2-2""]",ambigu
2233_grey.   #3,2233grey,2233,4,"[""2450/2"", ""2455/2"", ""2882/2"", ""8274/2-2""]",ambigu
2233_grey.   #4,2233grey,2233,4,"[""2450/2"", ""2455/2"", ""2882/2"", ""8274/2-2""]",ambigu
2233_white.   #1,2233white,2233,4,"[""2450/2"", ""2455/2"", ""2882/2"", ""8274/2-2""]",ambigu
2233_white.   #2,2233white,2233,4,"[""2450/2"", ""2455/2"", ""2882/2"", ""8274/2-2""]",ambigu
2233_white.   #3,2233white,2233,4,"[""2450/2"", ""2455/2"", ""2882/2"", ""8274/2-2""]",ambigu
2233_white.   #4,2233white,2233,4,"[""2450/2"", ""2455/2"", ""2882/2"", ""8274/2-2""]",ambigu
2309.jpg,2309,2309,3,"[""2450/2"", ""2455/2"", ""2882/2""]",ambigu
2310.png,2310,2310,3,"[""2450/2"", ""2455/2"", ""2882/2""]",ambigu
2377.png,2377,2377,3,"[""2450/2"", ""2455/2"", ""2882/2""]",ambigu
2408.png,2408,2408,4,"[""2450/2"", ""2455/2"", ""2882/2"", ""7422/23/24""]",ambigu
2442.   #1,2442,2442,4,"[""2450/2"", ""2455/2"", ""2882/2"", ""7422/23/24""]",ambigu
2442.   #2,2442,2442,4,"[""2450/2"", ""2455/2"", ""2882/2"", ""7422/23/24""]",ambigu
2442.   #3,2442,2442,4,"[""2450/2"", ""2455/2"", ""2882/2"", ""7422/23/24""]",ambigu
2442.   #4,2442,2442,4,"[""2450/2"", ""2455/2"", ""2882/2"", ""7422/23/24""]",ambigu
2443.   #1,2443,2443,4,"[""2450/2"", ""2455/2"", ""2882/2"", ""7422/23/24""]",ambigu
2443.   #2,2443,2443,4,"[""2450/2"", ""2455/2"", ""2882/2"", ""7422/23/24""]",ambigu
2443.   #3,2443,2443,4,"[""2450/2"", ""2455/2"", ""2882/2"", ""7422/23/24""]",ambigu
2443.   #4,2443,2443,4,"[""2450/2"", ""2455/2"", ""2882/2"", ""7422/23/24""]",ambigu
2462 (purple).jpg,2462purple,2462,4,"[""2450/2"", ""2455/2"", ""2882/2"", ""7422/23/24""]",ambigu
2462 (yellow).jpg,2462yellow,2462,4,"[""2450/2"", ""2455/2"", ""2882/2"", ""7422/23/24""]",ambigu
2503 (black).png,2503black,2503,4,"[""2450/2"", ""2455/2"", ""2882/2"", ""7324/25""]",ambigu
2503 (white).jpg,2503white,2503,4,"[""2450/2"", ""2455/2"", ""2882/2"", ""7324/25""]",ambigu
25209.  #1,25209,25209,4,"[""2450/2"", ""2455/2"", ""2882/2"", ""7324/25""]",ambigu
25209.  #2,25209,25209,4,"[""2450/2"", ""2455/2"", ""2882/2"", ""7324/25""]",ambigu
25209.  #3,25209,25209,4,"[""2450/2"", ""2455/2"", ""2882/2"", ""7324/25""]",ambigu
25209.  #4,25209,25209,4,"[""2450/2"", ""2455/2"", ""2882/2"", ""7324/25""]",ambigu
2557.jpg,2557,2557,4,"[""2450/2"", ""2455/2"", ""2882/2"", ""7324/25""]",ambigu
2569.png,2569,2569,4,"[""2450/2"", ""2455/2"", ""2882/2"", ""7324/25""]",ambigu
2570.jpg,2570,2570,4,"[""2450/2"", ""2455/2"", ""2882/2"", ""7324/25""]",ambigu
2572.jpg,2572,2572,4,"[""2450/2"", ""2455/2"", ""2882/2"", ""7324/25""]",ambigu
2587.jpg,2587,2587,4,"[""2450/2"", ""2455/2"", ""2882/2"", ""7324/25""]",ambigu
2593.jpg,2593,2593,4,"[""2450/2"", ""2455/2"", ""2882/2"", ""7324/25""]",ambigu
2594.jpg,2594,2594,4,"[""2450/2"", ""2455/2"", ""2882/2"", ""7324/25""]",ambigu
2595.jpg,2595,2595,4,"[""2450/2"", ""2455/2"", ""2882/2"", ""7324/25""]",ambigu
2597_98_99.jpg,25979899,25979899,4,"[""2450/2"", ""2455/2"", ""2882/2"", ""7324/25""]",ambigu
2615_3-1-2-3.jpg,26153123,26153123,3,"[""2450/2"", ""2455/2"", ""2882/2""]",ambigu
2626_2-1-2 (white).jpg,2626212white,2626212,3,"[""2450/2"", ""2455/2"", ""2882/2""]",ambigu
2626_2-1-2.png,2626212,2626212,3,"[""2450/2"", ""2455/2"", ""2882/2""]",ambigu
2644.    #1,2644,2644,3,"[""2450/2"", ""2455/2"", ""2882/2""]",ambigu
2644.    #2,2644,2644,3,"[""2450/2"", ""2455/2"", ""2882/2""]",ambigu
2644.    #3,2644,2644,3,"[""2450/2"", ""2455/2"", ""2882/2""]",ambigu
2644.    #4,2644,2644,3,"[""2450/2"", ""2455/2"", ""2882/2""]",ambigu
2644.   #1,2644,2644,3,"[""2450/2"", ""2455/2"", ""2882/2""]",ambigu
2644.   #2,2644,2644,3,"[""2450/2"", ""2455/2"", ""2882/2""]",ambigu
2644.   #3,2644,2644,3,"[""2450/2"", ""2455/2"", ""2882/2""]",ambigu
2644.   #4,2644,2644,3,"[""2450/2"", ""2455/2"", ""2882/2""]",ambigu
2645.   #1,2645,2645,3,"[""2450/2"", ""2455/2"", ""2882/2""]",ambigu
2645.   #2,2645,2645,3,"[""2450/2"", ""2455/2"", ""2882/2""]",ambigu
2645.   #3,2645,2645,3,"[""2450/2"", ""2455/2"", ""2882/2""]",ambigu
2645.   #4,2645,2645,3,"[""2450/2"", ""2455/2"", ""2882/2""]",ambigu
2647.  #1,2647,2647,3,"[""2450/2"", ""2455/2"", ""2882/2""]",ambigu
2647.  #2,2647,2647,3,"[""2450/2"", ""2455/2"", ""2882/2""]",ambigu
2647.  #3,2647,2647,3,"[""2450/2"", ""2455/2"", ""2882/2""]",ambigu
2647.  #4,2647,2647,3,"[""2450/2"", ""2455/2"", ""2882/2""]",ambigu
2684.  #1,2684,2684,3,"[""2450/2"", ""2455/2"", ""2882/2""]",ambigu
2684.  #2,2684,2684,3,"[""2450/2"", ""2455/2"", ""2882/2""]",ambigu
2684.  #3,2684,2684,3,"[""2450/2"", ""2455/2"", ""2882/2""]",ambigu
2684.  #4,2684,2684,3,"[""2450/2"", ""2455/2"", ""2882/2""]",ambigu
2686.   #1,2686,2686,3,"[""2450/2"", ""2455/2"", ""2882/2""]",ambigu
2686.   #2,2686,2686,3,"[""2450/2"", ""2455/2"", ""2882/2""]",ambigu
2686.   #3,2686,2686,3,"[""2450/2"", ""2455/2"", ""2882/2""]",ambigu
2686.   #4,2686,2686,3,"[""2450/2"", ""2455/2"", ""2882/2""]",ambigu
2688.   #1,2688,2688,5,"[""2450/2"", ""2455/2"", ""2882/2"", ""L 2688"", ""T 2688""]",ambigu
2688.   #2,2688,2688,5,"[""2450/2"", ""2455/2"", ""2882/2"", ""L 2688"", ""T 2688""]",ambigu
2688.   #3,2688,2688,5,"[""2450/2"", ""2455/2"", ""2882/2"", ""L 2688"", ""T 2688""]",ambigu
2688.   #4,2688,2688,5,"[""2450/2"", ""2455/2"", ""2882/2"", ""L 2688"", ""T 2688""]",ambigu
269.jpg,269,269,3,"[""2450/2"", ""2455/2"", ""2882/2""]",ambigu
269_.png,269,269,3,"[""2450/2"", ""2455/2"", ""2882/2""]",ambigu
2701_02.jpg,270102,270102,4,"[""2450/2"", ""2455/2"", ""2882/2"", ""3325/26/27""]",ambigu
2702_03.jpg,270203,270203,4,"[""2450/2"", ""2455/2"", ""2882/2"", ""3325/26/27""]",ambigu
2707_08.jpg,270708,270708,4,"[""2450/2"", ""2455/2"", ""2882/2"", ""3325/26/27""]",ambigu
2724_2-1-2.jpg,2724212,2724212,4,"[""2450/2"", ""2455/2"", ""2882/2"", ""3325/26/27""]",ambigu
2726_2-1-2.jpg,2726212,2726212,4,"[""2450/2"", ""2455/2"", ""2882/2"", ""3325/26/27""]",ambigu
2728_2-1-2.jpg,2728212,2728212,4,"[""2450/2"", ""2455/2"", ""2882/2"", ""3325/26/27""]",ambigu
2729.jpg,2729,2729,4,"[""2450/2"", ""2455/2"", ""2882/2"", ""3325/26/27""]",ambigu
2733(1).jpg,27331,27331,4,"[""2450/2"", ""2455/2"", ""2882/2"", ""3325/26/27""]",ambigu
2733.jpg,2733,2733,4,"[""2450/2"", ""2455/2"", ""2882/2"", ""3325/26/27""]",ambigu
2734.png,2734,2734,4,"[""2450/2"", ""2455/2"", ""2882/2"", ""3325/26/27""]",ambigu
2738.png,2738,2738,4,"[""2450/2"", ""2455/2"", ""2882/2"", ""3325/26/27""]",ambigu
2739.png,2739,2739,4,"[""2450/2"", ""2455/2"", ""2882/2"", ""3325/26/27""]",ambigu
2740.   #1,2740,2740,4,"[""2450/2"", ""2455/2"", ""2882/2"", ""3325/26/27""]",ambigu
2741.  #1,2741,2741,4,"[""2450/2"", ""2455/2"", ""2882/2"", ""3325/26/27""]",ambigu
2741.  #2,2741,2741,4,"[""2450/2"", ""2455/2"", ""2882/2"", ""3325/26/27""]",ambigu
2741.  #3,2741,2741,4,"[""2450/2"", ""2455/2"", ""2882/2"", ""3325/26/27""]",ambigu
2741.  #4,2741,2741,4,"[""2450/2"", ""2455/2"", ""2882/2"", ""3325/26/27""]",ambigu
2742.jpg,2742,2742,4,"[""2450/2"", ""2455/2"", ""2882/2"", ""3325/26/27""]",ambigu
2746.   #1,2746,2746,4,"[""2450/2"", ""2455/2"", ""2882/2"", ""3325/26/27""]",ambigu
2746.   #2,2746,2746,4,"[""2450/2"", ""2455/2"", ""2882/2"", ""3325/26/27""]",ambigu
2746.   #3,2746,2746,4,"[""2450/2"", ""2455/2"", ""2882/2"", ""3325/26/27""]",ambigu
2746.   #4,2746,2746,4,"[""2450/2"", ""2455/2"", ""2882/2"", ""3325/26/27""]",ambigu
2747 (white and black).png,2747whiteandblack,2747,4,"[""2450/2"", ""2455/2"", ""2882/2"", ""3325/26/27""]",ambigu
2747.   #1,2747,2747,4,"[""2450/2"", ""2455/2"", ""2882/2"", ""3325/26/27""]",ambigu
2747.   #2,2747,2747,4,"[""2450/2"", ""2455/2"", ""2882/2"", ""3325/26/27""]",ambigu
2747.   #3,2747,2747,4,"[""2450/2"", ""2455/2"", ""2882/2"", ""3325/26/27""]",ambigu
2747.   #4,2747,2747,4,"[""2450/2"", ""2455/2"", ""2882/2"", ""3325/26/27""]",ambigu
2749.   #1,2749,2749,4,"[""2450/2"", ""2455/2"", ""2882/2"", ""3325/26/27""]",ambigu
2749.jpg,2749,2749,4,"[""2450/2"", ""2455/2"", ""2882/2"", ""3325/26/27""]",ambigu
2750.   #1,2750,2750,4,"[""2450/2"", ""2455/2"", ""2882/2"", ""3325/26/27""]",ambigu
2750.   #2,2750,2750,4,"[""2450/2"", ""2455/2"", ""2882/2"", ""3325/26/27""]",ambigu
2750.   #3,2750,2750,4,"[""2450/2"", ""2455/2"", ""2882/2"", ""3325/26/27""]",ambigu
2750.   #4,2750,2750,4,"[""2450/2"", ""2455/2"", ""2882/2"", ""3325/26/27""]",ambigu
2750.png,2750,2750,4,"[""2450/2"", ""2455/2"", ""2882/2"", ""3325/26/27""]",ambigu
2754 (blue and green).jpg,2754blueandgreen,2754,4,"[""2450/2"", ""2455/2"", ""2882/2"", ""3325/26/27""]",ambigu
2760_2-2.jpg,276022,276022,4,"[""2450/2"", ""2455/2"", ""2882/2"", ""3325/26/27""]",ambigu
2765_66 (blue).jpg,276566blue,276566,4,"[""2450/2"", ""2455/2"", ""2882/2"", ""3325/26/27""]",ambigu
2765_66 (yellow).jpg,276566yellow,276566,4,"[""2450/2"", ""2455/2"", ""2882/2"", ""3325/26/27""]",ambigu
2777 (white).png,2777white,2777,4,"[""2450/2"", ""2455/2"", ""2882/2"", ""3325/26/27""]",ambigu
2777.png,2777,2777,4,"[""2450/2"", ""2455/2"", ""2882/2"", ""3325/26/27""]",ambigu
2780 (blue).png,2780blue,2780,4,"[""2450/2"", ""2455/2"", ""2882/2"", ""3325/26/27""]",ambigu
2780 (green).png,2780green,2780,4,"[""2450/2"", ""2455/2"", ""2882/2"", ""3325/26/27""]",ambigu
2780 (purple).png,2780purple,2780,4,"[""2450/2"", ""2455/2"", ""2882/2"", ""3325/26/27""]",ambigu
2781.jpg,2781,2781,4,"[""2450/2"", ""2455/2"", ""2882/2"", ""3325/26/27""]",ambigu
2792_2-1-2.jpg,2792212,2792212,4,"[""2450/2"", ""2455/2"", ""2882/2"", ""3325/26/27""]",ambigu
2797.png,2797,2797,4,"[""2450/2"", ""2455/2"", ""2882/2"", ""3325/26/27""]",ambigu
2799.jpg,2799,2799,4,"[""2450/2"", ""2455/2"", ""2882/2"", ""3325/26/27""]",ambigu
2800.jpg,2800,2800,3,"[""2450/2"", ""2455/2"", ""2882/2""]",ambigu
2802.jpg,2802,2802,3,"[""2450/2"", ""2455/2"", ""2882/2""]",ambigu
2804.jpg,2804,2804,3,"[""2450/2"", ""2455/2"", ""2882/2""]",ambigu
2811.png,2811,2811,3,"[""2450/2"", ""2455/2"", ""2882/2""]",ambigu
2813.jpg,2813,2813,3,"[""2450/2"", ""2455/2"", ""2882/2""]",ambigu
2814.jpg,2814,2814,3,"[""2450/2"", ""2455/2"", ""2882/2""]",ambigu
2815.jpg,2815,2815,3,"[""2450/2"", ""2455/2"", ""2882/2""]",ambigu
2816.jpg,2816,2816,3,"[""2450/2"", ""2455/2"", ""2882/2""]",ambigu
2817_3-1-2-3 (dark green).png,28173123darkgreen,28173123dark,3,"[""2450/2"", ""2455/2"", ""2882/2""]",ambigu
2817_3-1-2-3 (white).  #1,28173123white,28173123,3,"[""2450/2"", ""2455/2"", ""2882/2""]",ambigu
2817_3-1-2-3 (white).  #2,28173123white,28173123,3,"[""2450/2"", ""2455/2"", ""2882/2""]",ambigu
2817_3-1-2-3 (white).  #3,28173123white,28173123,3,"[""2450/2"", ""2455/2"", ""2882/2""]",ambigu
2817_3-1-2-3 (white).  #4,28173123white,28173123,3,"[""2450/2"", ""2455/2"", ""2882/2""]",ambigu
2817_3-1-2-3.  #1,28173123,28173123,3,"[""2450/2"", ""2455/2"", ""2882/2""]",ambigu
2817_3-1-2-3.  #2,28173123,28173123,3,"[""2450/2"", ""2455/2"", ""2882/2""]",ambigu
2817_3-1-2-3.  #3,28173123,28173123,3,"[""2450/2"", ""2455/2"", ""2882/2""]",ambigu
2817_3-1-2-3.  #4,28173123,28173123,3,"[""2450/2"", ""2455/2"", ""2882/2""]",ambigu
2820_2-1-2.   #1,2820212,2820212,3,"[""2450/2"", ""2455/2"", ""2882/2""]",ambigu
2820_2-1-2.   #2,2820212,2820212,3,"[""2450/2"", ""2455/2"", ""2882/2""]",ambigu
2820_2-1-2.   #3,2820212,2820212,3,"[""2450/2"", ""2455/2"", ""2882/2""]",ambigu
2820_2-1-2.   #4,2820212,2820212,3,"[""2450/2"", ""2455/2"", ""2882/2""]",ambigu
2829.jpg,2829,2829,3,"[""2450/2"", ""2455/2"", ""2882/2""]",ambigu
2831_2-2.  #1,283122,283122,3,"[""2450/2"", ""2455/2"", ""2882/2""]",ambigu
2831_2-2.  #2,283122,283122,3,"[""2450/2"", ""2455/2"", ""2882/2""]",ambigu
2831_2-2.  #3,283122,283122,3,"[""2450/2"", ""2455/2"", ""2882/2""]",ambigu
2831_2-2.  #4,283122,283122,3,"[""2450/2"", ""2455/2"", ""2882/2""]",ambigu
2833_2-2.    #1,283322,283322,3,"[""2450/2"", ""2455/2"", ""2882/2""]",ambigu
2833_2-2.    #2,283322,283322,3,"[""2450/2"", ""2455/2"", ""2882/2""]",ambigu
2833_2-2.    #3,283322,283322,3,"[""2450/2"", ""2455/2"", ""2882/2""]",ambigu
2833_2-2.    #4,283322,283322,3,"[""2450/2"", ""2455/2"", ""2882/2""]",ambigu
2835.   #1,2835,2835,3,"[""2450/2"", ""2455/2"", ""2882/2""]",ambigu
2835.   #2,2835,2835,3,"[""2450/2"", ""2455/2"", ""2882/2""]",ambigu
2835.   #3,2835,2835,3,"[""2450/2"", ""2455/2"", ""2882/2""]",ambigu
2835.   #4,2835,2835,3,"[""2450/2"", ""2455/2"", ""2882/2""]",ambigu
2844.jpg,2844,2844,3,"[""2450/2"", ""2455/2"", ""2882/2""]",ambigu
2845.jpg,2845,2845,3,"[""2450/2"", ""2455/2"", ""2882/2""]",ambigu
2846.png,2846,2846,3,"[""2450/2"", ""2455/2"", ""2882/2""]",ambigu
2847.png,2847,2847,3,"[""2450/2"", ""2455/2"", ""2882/2""]",ambigu
2848.png,2848,2848,3,"[""2450/2"", ""2455/2"", ""2882/2""]",ambigu
2858.   #1,2858,2858,3,"[""2450/2"", ""2455/2"", ""2882/2""]",ambigu
2858.   #2,2858,2858,3,"[""2450/2"", ""2455/2"", ""2882/2""]",ambigu
2858.   #3,2858,2858,3,"[""2450/2"", ""2455/2"", ""2882/2""]",ambigu
2858.   #4,2858,2858,3,"[""2450/2"", ""2455/2"", ""2882/2""]",ambigu
2863.   #1,2863,2863,3,"[""2450/2"", ""2455/2"", ""2882/2""]",ambigu
2863.   #2,2863,2863,3,"[""2450/2"", ""2455/2"", ""2882/2""]",ambigu
2863.   #3,2863,2863,3,"[""2450/2"", ""2455/2"", ""2882/2""]",ambigu
2863.   #4,2863,2863,3,"[""2450/2"", ""2455/2"", ""2882/2""]",ambigu
2864(1).   #1,28641,28641,3,"[""2450/2"", ""2455/2"", ""2882/2""]",ambigu
2864(1).   #2,28641,28641,3,"[""2450/2"", ""2455/2"", ""2882/2""]",ambigu
2864(1).   #3,28641,28641,3,"[""2450/2"", ""2455/2"", ""2882/2""]",ambigu
2864(1).   #4,28641,28641,3,"[""2450/2"", ""2455/2"", ""2882/2""]",ambigu
2864.   #1,2864,2864,3,"[""2450/2"", ""2455/2"", ""2882/2""]",ambigu
2864.   #2,2864,2864,3,"[""2450/2"", ""2455/2"", ""2882/2""]",ambigu
2864.   #3,2864,2864,3,"[""2450/2"", ""2455/2"", ""2882/2""]",ambigu
2864.   #4,2864,2864,3,"[""2450/2"", ""2455/2"", ""2882/2""]",ambigu
2865.   #1,2865,2865,3,"[""2450/2"", ""2455/2"", ""2882/2""]",ambigu
2865.   #2,2865,2865,3,"[""2450/2"", ""2455/2"", ""2882/2""]",ambigu
2865.   #3,2865,2865,3,"[""2450/2"", ""2455/2"", ""2882/2""]",ambigu
2865.   #4,2865,2865,3,"[""2450/2"", ""2455/2"", ""2882/2""]",ambigu
2866.    #1,2866,2866,3,"[""2450/2"", ""2455/2"", ""2882/2""]",ambigu
2866.    #2,2866,2866,3,"[""2450/2"", ""2455/2"", ""2882/2""]",ambigu
2866.    #3,2866,2866,3,"[""2450/2"", ""2455/2"", ""2882/2""]",ambigu
2866.    #4,2866,2866,3,"[""2450/2"", ""2455/2"", ""2882/2""]",ambigu
2866.   #1,2866,2866,3,"[""2450/2"", ""2455/2"", ""2882/2""]",ambigu
2866.   #2,2866,2866,3,"[""2450/2"", ""2455/2"", ""2882/2""]",ambigu
2866.   #3,2866,2866,3,"[""2450/2"", ""2455/2"", ""2882/2""]",ambigu
2866.   #4,2866,2866,3,"[""2450/2"", ""2455/2"", ""2882/2""]",ambigu
2868.   #1,2868,2868,3,"[""2450/2"", ""2455/2"", ""2882/2""]",ambigu
2868.   #2,2868,2868,3,"[""2450/2"", ""2455/2"", ""2882/2""]",ambigu
2868.   #3,2868,2868,3,"[""2450/2"", ""2455/2"", ""2882/2""]",ambigu
2868.   #4,2868,2868,3,"[""2450/2"", ""2455/2"", ""2882/2""]",ambigu
2868.jpg,2868,2868,3,"[""2450/2"", ""2455/2"", ""2882/2""]",ambigu
2880_2-1-2.jpg,2880212,2880212,3,"[""2450/2"", ""2455/2"", ""2882/2""]",ambigu
2884_2-1-2.jpg,2884212,2884212,3,"[""2450/2"", ""2455/2"", ""2882/2""]",ambigu
2886_2-1-2.jpg,2886212,2886212,3,"[""2450/2"", ""2455/2"", ""2882/2""]",ambigu
2890_2-1-2.jpg,2890212,2890212,3,"[""2450/2"", ""2455/2"", ""2882/2""]",ambigu
2914.jpg,2914,2914,3,"[""2450/2"", ""2455/2"", ""2882/2""]",ambigu
2924.jpg,2924,2924,3,"[""2450/2"", ""2455/2"", ""2882/2""]",ambigu
2925.jpg,2925,2925,3,"[""2450/2"", ""2455/2"", ""2882/2""]",ambigu
2941_3-1-2-3.jpg,29413123,29413123,3,"[""2450/2"", ""2455/2"", ""2882/2""]",ambigu
3023.jpg,3023,3023,5,"[""12063/3 LED"", ""2450/3"", ""2455/3"", ""2882/3"", ""T3226/3""]",ambigu
3029.  #1,3029,3029,5,"[""12063/3 LED"", ""2450/3"", ""2455/3"", ""2882/3"", ""T3226/3""]",ambigu
3029.  #2,3029,3029,5,"[""12063/3 LED"", ""2450/3"", ""2455/3"", ""2882/3"", ""T3226/3""]",ambigu
3029.  #3,3029,3029,5,"[""12063/3 LED"", ""2450/3"", ""2455/3"", ""2882/3"", ""T3226/3""]",ambigu
3029.  #4,3029,3029,5,"[""12063/3 LED"", ""2450/3"", ""2455/3"", ""2882/3"", ""T3226/3""]",ambigu
3029_90x35.   #1,302990x35,302990x35,5,"[""12063/3 LED"", ""2450/3"", ""2455/3"", ""2882/3"", ""T3226/3""]",ambigu
3029_90x35.   #2,302990x35,302990x35,5,"[""12063/3 LED"", ""2450/3"", ""2455/3"", ""2882/3"", ""T3226/3""]",ambigu
3029_90x35.   #3,302990x35,302990x35,5,"[""12063/3 LED"", ""2450/3"", ""2455/3"", ""2882/3"", ""T3226/3""]",ambigu
3029_90x35.   #4,302990x35,302990x35,5,"[""12063/3 LED"", ""2450/3"", ""2455/3"", ""2882/3"", ""T3226/3""]",ambigu
3030.jpg,3030,3030,5,"[""12063/3 LED"", ""2450/3"", ""2455/3"", ""2882/3"", ""T3226/3""]",ambigu
3073_74_75.png,30737475,30737475,5,"[""12063/3 LED"", ""2450/3"", ""2455/3"", ""2882/3"", ""T3226/3""]",ambigu
3076_77.jpg,307677,307677,5,"[""12063/3 LED"", ""2450/3"", ""2455/3"", ""2882/3"", ""T3226/3""]",ambigu
3080.jpg,3080,3080,5,"[""12063/3 LED"", ""2450/3"", ""2455/3"", ""2882/3"", ""T3226/3""]",ambigu
3085.jpg,3085,3085,5,"[""12063/3 LED"", ""2450/3"", ""2455/3"", ""2882/3"", ""T3226/3""]",ambigu
3102_03_04 (dark green).jpg,31020304darkgreen,31020304dark,7,"[""12063/3 LED"", ""2450/3"", ""2455/3"", ""2549/3-1"", ""2882/3"", ""2914/3-1"", ""T3226/3""]",ambigu
3119_20_21.png,31192021,31192021,7,"[""12063/3 LED"", ""2450/3"", ""2455/3"", ""2549/3-1"", ""2882/3"", ""2914/3-1"", ""T3226/3""]",ambigu
3125.jpg,3125,3125,7,"[""12063/3 LED"", ""2450/3"", ""2455/3"", ""2549/3-1"", ""2882/3"", ""2914/3-1"", ""T3226/3""]",ambigu
3126.jpg,3126,3126,7,"[""12063/3 LED"", ""2450/3"", ""2455/3"", ""2549/3-1"", ""2882/3"", ""2914/3-1"", ""T3226/3""]",ambigu
3128.png,3128,3128,7,"[""12063/3 LED"", ""2450/3"", ""2455/3"", ""2549/3-1"", ""2882/3"", ""2914/3-1"", ""T3226/3""]",ambigu
3130.png,3130,3130,7,"[""12063/3 LED"", ""2450/3"", ""2455/3"", ""2549/3-1"", ""2882/3"", ""2914/3-1"", ""T3226/3""]",ambigu
3133.png,3133,3133,7,"[""12063/3 LED"", ""2450/3"", ""2455/3"", ""2549/3-1"", ""2882/3"", ""2914/3-1"", ""T3226/3""]",ambigu
3135.png,3135,3135,7,"[""12063/3 LED"", ""2450/3"", ""2455/3"", ""2549/3-1"", ""2882/3"", ""2914/3-1"", ""T3226/3""]",ambigu
3136.jpg,3136,3136,7,"[""12063/3 LED"", ""2450/3"", ""2455/3"", ""2549/3-1"", ""2882/3"", ""2914/3-1"", ""T3226/3""]",ambigu
3138.jpg,3138,3138,7,"[""12063/3 LED"", ""2450/3"", ""2455/3"", ""2549/3-1"", ""2882/3"", ""2914/3-1"", ""T3226/3""]",ambigu
3141.jpg,3141,3141,7,"[""12063/3 LED"", ""2450/3"", ""2455/3"", ""2549/3-1"", ""2882/3"", ""2914/3-1"", ""T3226/3""]",ambigu
3143.jpg,3143,3143,7,"[""12063/3 LED"", ""2450/3"", ""2455/3"", ""2549/3-1"", ""2882/3"", ""2914/3-1"", ""T3226/3""]",ambigu
3144.jpg,3144,3144,7,"[""12063/3 LED"", ""2450/3"", ""2455/3"", ""2549/3-1"", ""2882/3"", ""2914/3-1"", ""T3226/3""]",ambigu
3147.jpg,3147,3147,7,"[""12063/3 LED"", ""2450/3"", ""2455/3"", ""2549/3-1"", ""2882/3"", ""2914/3-1"", ""T3226/3""]",ambigu
3148.jpg,3148,3148,7,"[""12063/3 LED"", ""2450/3"", ""2455/3"", ""2549/3-1"", ""2882/3"", ""2914/3-1"", ""T3226/3""]",ambigu
3150.jpg,3150,3150,8,"[""12063/3 LED"", ""2450/3"", ""2455/3"", ""2549/3-1"", ""2882/3"", ""2914/3-1"", ""31502"", ""T3226/3""]",ambigu
3153.jpg,3153,3153,7,"[""12063/3 LED"", ""2450/3"", ""2455/3"", ""2549/3-1"", ""2882/3"", ""2914/3-1"", ""T3226/3""]",ambigu
3159.jpg,3159,3159,7,"[""12063/3 LED"", ""2450/3"", ""2455/3"", ""2549/3-1"", ""2882/3"", ""2914/3-1"", ""T3226/3""]",ambigu
3160.png,3160,3160,7,"[""12063/3 LED"", ""2450/3"", ""2455/3"", ""2549/3-1"", ""2882/3"", ""2914/3-1"", ""T3226/3""]",ambigu
3161.jpg,3161,3161,7,"[""12063/3 LED"", ""2450/3"", ""2455/3"", ""2549/3-1"", ""2882/3"", ""2914/3-1"", ""T3226/3""]",ambigu
3180.jpg,3180,3180,7,"[""12063/3 LED"", ""2450/3"", ""2455/3"", ""2549/3-1"", ""2882/3"", ""2914/3-1"", ""T3226/3""]",ambigu
3202_03_04.jpg,32020304,32020304,8,"[""12063/3 LED"", ""2450/3"", ""2455/3"", ""2549/3-2"", ""2882/3"", ""2914/3-2"", ""8271/3-2"", ""T3226/3""]",ambigu
3206.jpg,3206,3206,8,"[""12063/3 LED"", ""2450/3"", ""2455/3"", ""2549/3-2"", ""2882/3"", ""2914/3-2"", ""8271/3-2"", ""T3226/3""]",ambigu
3207.jpg,3207,3207,8,"[""12063/3 LED"", ""2450/3"", ""2455/3"", ""2549/3-2"", ""2882/3"", ""2914/3-2"", ""8271/3-2"", ""T3226/3""]",ambigu
3208.jpg,3208,3208,8,"[""12063/3 LED"", ""2450/3"", ""2455/3"", ""2549/3-2"", ""2882/3"", ""2914/3-2"", ""8271/3-2"", ""T3226/3""]",ambigu
3209.jpg,3209,3209,8,"[""12063/3 LED"", ""2450/3"", ""2455/3"", ""2549/3-2"", ""2882/3"", ""2914/3-2"", ""8271/3-2"", ""T3226/3""]",ambigu
3237.jpg,3237,3237,8,"[""12063/3 LED"", ""2450/3"", ""2455/3"", ""2549/3-2"", ""2882/3"", ""2914/3-2"", ""8271/3-2"", ""T3226/3""]",ambigu
3250_51_52.jpg,32505152,32505152,8,"[""12063/3 LED"", ""2450/3"", ""2455/3"", ""2549/3-2"", ""2882/3"", ""2914/3-2"", ""8271/3-2"", ""T3226/3""]",ambigu
3275.jpg,3275,3275,8,"[""12063/3 LED"", ""2450/3"", ""2455/3"", ""2549/3-2"", ""2882/3"", ""2914/3-2"", ""8271/3-2"", ""T3226/3""]",ambigu
3286.jpg,3286,3286,8,"[""12063/3 LED"", ""2450/3"", ""2455/3"", ""2549/3-2"", ""2882/3"", ""2914/3-2"", ""8271/3-2"", ""T3226/3""]",ambigu
3287.jpg,3287,3287,8,"[""12063/3 LED"", ""2450/3"", ""2455/3"", ""2549/3-2"", ""2882/3"", ""2914/3-2"", ""8271/3-2"", ""T3226/3""]",ambigu
3290.jpg,3290,3290,8,"[""12063/3 LED"", ""2450/3"", ""2455/3"", ""2549/3-2"", ""2882/3"", ""2914/3-2"", ""8271/3-2"", ""T3226/3""]",ambigu
3294_95.png,329495,329495,8,"[""12063/3 LED"", ""2450/3"", ""2455/3"", ""2549/3-2"", ""2882/3"", ""2914/3-2"", ""8271/3-2"", ""T3226/3""]",ambigu
3373.jpg,3373,3373,7,"[""12063/3 LED"", ""2450/3"", ""2455/3"", ""2549/3-3"", ""2882/3"", ""2914/3-3"", ""T3226/3""]",ambigu
3374.jpg,3374,3374,7,"[""12063/3 LED"", ""2450/3"", ""2455/3"", ""2549/3-3"", ""2882/3"", ""2914/3-3"", ""T3226/3""]",ambigu
3415.   #1,3415,3415,5,"[""12063/3 LED"", ""2450/3"", ""2455/3"", ""2882/3"", ""T3226/3""]",ambigu
3415.   #2,3415,3415,5,"[""12063/3 LED"", ""2450/3"", ""2455/3"", ""2882/3"", ""T3226/3""]",ambigu
3415.   #3,3415,3415,5,"[""12063/3 LED"", ""2450/3"", ""2455/3"", ""2882/3"", ""T3226/3""]",ambigu
3415.   #4,3415,3415,5,"[""12063/3 LED"", ""2450/3"", ""2455/3"", ""2882/3"", ""T3226/3""]",ambigu
3417.   #1,3417,3417,5,"[""12063/3 LED"", ""2450/3"", ""2455/3"", ""2882/3"", ""T3226/3""]",ambigu
3417.   #2,3417,3417,5,"[""12063/3 LED"", ""2450/3"", ""2455/3"", ""2882/3"", ""T3226/3""]",ambigu
3417.   #3,3417,3417,5,"[""12063/3 LED"", ""2450/3"", ""2455/3"", ""2882/3"", ""T3226/3""]",ambigu
3417.   #4,3417,3417,5,"[""12063/3 LED"", ""2450/3"", ""2455/3"", ""2882/3"", ""T3226/3""]",ambigu
3418.    #1,3418,3418,5,"[""12063/3 LED"", ""2450/3"", ""2455/3"", ""2882/3"", ""T3226/3""]",ambigu
3418.    #2,3418,3418,5,"[""12063/3 LED"", ""2450/3"", ""2455/3"", ""2882/3"", ""T3226/3""]",ambigu
3418.    #3,3418,3418,5,"[""12063/3 LED"", ""2450/3"", ""2455/3"", ""2882/3"", ""T3226/3""]",ambigu
3418.    #4,3418,3418,5,"[""12063/3 LED"", ""2450/3"", ""2455/3"", ""2882/3"", ""T3226/3""]",ambigu
3431_32.jpg,343132,343132,5,"[""12063/3 LED"", ""2450/3"", ""2455/3"", ""2882/3"", ""T3226/3""]",ambigu
3433_34.jpg,343334,343334,5,"[""12063/3 LED"", ""2450/3"", ""2455/3"", ""2882/3"", ""T3226/3""]",ambigu
3439_40.jpg,343940,343940,5,"[""12063/3 LED"", ""2450/3"", ""2455/3"", ""2882/3"", ""T3226/3""]",ambigu
3471.jpg,3471,3471,5,"[""12063/3 LED"", ""2450/3"", ""2455/3"", ""2882/3"", ""T3226/3""]",ambigu
3730_31_32.png,37303132,37303132,5,"[""12063/3 LED"", ""2450/3"", ""2455/3"", ""2882/3"", ""T3226/3""]",ambigu
3751_52_53.jpg,37515253,37515253,5,"[""12063/3 LED"", ""2450/3"", ""2455/3"", ""2882/3"", ""T3226/3""]",ambigu
3780.jpg,3780,3780,5,"[""12063/3 LED"", ""2450/3"", ""2455/3"", ""2882/3"", ""T3226/3""]",ambigu
3790_.png,3790,3790,5,"[""12063/3 LED"", ""2450/3"", ""2455/3"", ""2882/3"", ""T3226/3""]",ambigu
380(1).  #1,3801,3801,5,"[""12063/3 LED"", ""2450/3"", ""2455/3"", ""2882/3"", ""T3226/3""]",ambigu
380(1).  #2,3801,3801,5,"[""12063/3 LED"", ""2450/3"", ""2455/3"", ""2882/3"", ""T3226/3""]",ambigu
380(1).  #3,3801,3801,5,"[""12063/3 LED"", ""2450/3"", ""2455/3"", ""2882/3"", ""T3226/3""]",ambigu
380(1).  #4,3801,3801,5,"[""12063/3 LED"", ""2450/3"", ""2455/3"", ""2882/3"", ""T3226/3""]",ambigu
380-rouge.   #1,380rouge,380,5,"[""12063/3 LED"", ""2450/3"", ""2455/3"", ""2882/3"", ""T3226/3""]",ambigu
380-rouge.   #2,380rouge,380,5,"[""12063/3 LED"", ""2450/3"", ""2455/3"", ""2882/3"", ""T3226/3""]",ambigu
380-rouge.   #3,380rouge,380,5,"[""12063/3 LED"", ""2450/3"", ""2455/3"", ""2882/3"", ""T3226/3""]",ambigu
380-rouge.   #4,380rouge,380,5,"[""12063/3 LED"", ""2450/3"", ""2455/3"", ""2882/3"", ""T3226/3""]",ambigu
380.  #1,380,380,5,"[""12063/3 LED"", ""2450/3"", ""2455/3"", ""2882/3"", ""T3226/3""]",ambigu
380.  #2,380,380,5,"[""12063/3 LED"", ""2450/3"", ""2455/3"", ""2882/3"", ""T3226/3""]",ambigu
380.  #3,380,380,5,"[""12063/3 LED"", ""2450/3"", ""2455/3"", ""2882/3"", ""T3226/3""]",ambigu
380.  #4,380,380,5,"[""12063/3 LED"", ""2450/3"", ""2455/3"", ""2882/3"", ""T3226/3""]",ambigu
3900.jpg,3900,3900,5,"[""12063/3 LED"", ""2450/3"", ""2455/3"", ""2882/3"", ""T3226/3""]",ambigu
3901.png,3901,3901,5,"[""12063/3 LED"", ""2450/3"", ""2455/3"", ""2882/3"", ""T3226/3""]",ambigu
3954_.png,3954,3954,5,"[""12063/3 LED"", ""2450/3"", ""2455/3"", ""2882/3"", ""T3226/3""]",ambigu
4444.png,4444,4444,2,"[""25209/4"", ""7443/44""]",ambigu
5021_50.  #1,502150,502150,4,"[""L021/5"", ""Y090/5"", ""Y097/5"", ""Y98/5""]",ambigu
5021_50.  #2,502150,502150,4,"[""L021/5"", ""Y090/5"", ""Y097/5"", ""Y98/5""]",ambigu
5021_50.  #3,502150,502150,4,"[""L021/5"", ""Y090/5"", ""Y097/5"", ""Y98/5""]",ambigu
5021_50.  #4,502150,502150,4,"[""L021/5"", ""Y090/5"", ""Y097/5"", ""Y98/5""]",ambigu
555.jpg,555,555,5,"[""8338/55"", ""L021/5"", ""Y090/5"", ""Y097/5"", ""Y98/5""]",ambigu
5585.  #1,5585,5585,5,"[""8338/55"", ""L021/5"", ""Y090/5"", ""Y097/5"", ""Y98/5""]",ambigu
5585. #2,5585,5585,5,"[""8338/55"", ""L021/5"", ""Y090/5"", ""Y097/5"", ""Y98/5""]",ambigu
5585. #3,5585,5585,5,"[""8338/55"", ""L021/5"", ""Y090/5"", ""Y097/5"", ""Y98/5""]",ambigu
5585. #4,5585,5585,5,"[""8338/55"", ""L021/5"", ""Y090/5"", ""Y097/5"", ""Y98/5""]",ambigu
589 B.  #1,589b,589b,4,"[""L021/5"", ""Y090/5"", ""Y097/5"", ""Y98/5""]",ambigu
589 B.  #2,589b,589b,4,"[""L021/5"", ""Y090/5"", ""Y097/5"", ""Y98/5""]",ambigu
589 B.  #3,589b,589b,4,"[""L021/5"", ""Y090/5"", ""Y097/5"", ""Y98/5""]",ambigu
589 B.  #4,589b,589b,4,"[""L021/5"", ""Y090/5"", ""Y097/5"", ""Y98/5""]",ambigu
589 f.   #1,589f,589f,4,"[""L021/5"", ""Y090/5"", ""Y097/5"", ""Y98/5""]",ambigu
589 f.   #2,589f,589f,4,"[""L021/5"", ""Y090/5"", ""Y097/5"", ""Y98/5""]",ambigu
589 f.   #3,589f,589f,4,"[""L021/5"", ""Y090/5"", ""Y097/5"", ""Y98/5""]",ambigu
589 f.   #4,589f,589f,4,"[""L021/5"", ""Y090/5"", ""Y097/5"", ""Y98/5""]",ambigu
6100.png,6100,6100,10,"[""1011/6"", ""1100/6"", ""25209/6"", ""6126/6"", ""81025/6"", ""L007/6"", ""L010/6"", ""L019/6"", ""L028/6"", ""Y001/6""]",ambigu
7001.   #1,7001,7001,0,[],aucune-correspondance
7001.   #2,7001,7001,0,[],aucune-correspondance
7001.   #3,7001,7001,0,[],aucune-correspondance
7001.   #4,7001,7001,0,[],aucune-correspondance
7029.jpg,7029,7029,0,[],aucune-correspondance
7317_18.jpg,731718,731718,0,[],aucune-correspondance
7326.jpg,7326,7326,0,[],aucune-correspondance
7415_16_17(1).jpg,741516171,741516171,0,[],aucune-correspondance
7415_16_17.jpg,74151617,74151617,0,[],aucune-correspondance
7427_28_29.jpg,74272829,74272829,0,[],aucune-correspondance
7432.jpg,7432,7432,0,[],aucune-correspondance
7453.jpg,7453,7453,0,[],aucune-correspondance
7461_62.jpg,746162,746162,0,[],aucune-correspondance
7495.png,7495,7495,0,[],aucune-correspondance
788 6 chaises.png,7886chaises,7886chaises,0,[],aucune-correspondance
8021.png,8021,8021,9,"[""120/80"", ""12400/8"", ""2035/8"", ""2039/8"", ""7001/80"", ""7003/80"", ""8078/80"", ""81025/80"", ""8338/80""]",ambigu
8042.png,8042,8042,9,"[""120/80"", ""12400/8"", ""2035/8"", ""2039/8"", ""7001/80"", ""7003/80"", ""8078/80"", ""81025/80"", ""8338/80""]",ambigu
8046.jpg,8046,8046,9,"[""120/80"", ""12400/8"", ""2035/8"", ""2039/8"", ""7001/80"", ""7003/80"", ""8078/80"", ""81025/80"", ""8338/80""]",ambigu
8052.jpg,8052,8052,9,"[""120/80"", ""12400/8"", ""2035/8"", ""2039/8"", ""7001/80"", ""7003/80"", ""8078/80"", ""81025/80"", ""8338/80""]",ambigu
8059_2-1-2.jpg,8059212,8059212,9,"[""120/80"", ""12400/8"", ""2035/8"", ""2039/8"", ""7001/80"", ""7003/80"", ""8078/80"", ""81025/80"", ""8338/80""]",ambigu
8060 (black).png,8060black,8060,9,"[""120/80"", ""12400/8"", ""2035/8"", ""2039/8"", ""7001/80"", ""7003/80"", ""8078/80"", ""81025/80"", ""8338/80""]",ambigu
8060 (green).png,8060green,8060,9,"[""120/80"", ""12400/8"", ""2035/8"", ""2039/8"", ""7001/80"", ""7003/80"", ""8078/80"", ""81025/80"", ""8338/80""]",ambigu
8060 (white).png,8060white,8060,9,"[""120/80"", ""12400/8"", ""2035/8"", ""2039/8"", ""7001/80"", ""7003/80"", ""8078/80"", ""81025/80"", ""8338/80""]",ambigu
8071 (black).png,8071black,8071,9,"[""120/80"", ""12400/8"", ""2035/8"", ""2039/8"", ""7001/80"", ""7003/80"", ""8078/80"", ""81025/80"", ""8338/80""]",ambigu
8076. (Pink).png,8076pink,8076,9,"[""120/80"", ""12400/8"", ""2035/8"", ""2039/8"", ""7001/80"", ""7003/80"", ""8078/80"", ""81025/80"", ""8338/80""]",ambigu
8076. (Yellow).png,8076yellow,8076,9,"[""120/80"", ""12400/8"", ""2035/8"", ""2039/8"", ""7001/80"", ""7003/80"", ""8078/80"", ""81025/80"", ""8338/80""]",ambigu
8077(1).jpg,80771,80771,9,"[""120/80"", ""12400/8"", ""2035/8"", ""2039/8"", ""7001/80"", ""7003/80"", ""8078/80"", ""81025/80"", ""8338/80""]",ambigu
8077.jpg,8077,8077,9,"[""120/80"", ""12400/8"", ""2035/8"", ""2039/8"", ""7001/80"", ""7003/80"", ""8078/80"", ""81025/80"", ""8338/80""]",ambigu
8082 (green).png,8082green,8082,9,"[""120/80"", ""12400/8"", ""2035/8"", ""2039/8"", ""7001/80"", ""7003/80"", ""8078/80"", ""81025/80"", ""8338/80""]",ambigu
8082 (orange).jpg,8082orange,8082,9,"[""120/80"", ""12400/8"", ""2035/8"", ""2039/8"", ""7001/80"", ""7003/80"", ""8078/80"", ""81025/80"", ""8338/80""]",ambigu
8082 (white).jpg,8082white,8082,9,"[""120/80"", ""12400/8"", ""2035/8"", ""2039/8"", ""7001/80"", ""7003/80"", ""8078/80"", ""81025/80"", ""8338/80""]",ambigu
8083 (black).jpg,8083black,8083,9,"[""120/80"", ""12400/8"", ""2035/8"", ""2039/8"", ""7001/80"", ""7003/80"", ""8078/80"", ""81025/80"", ""8338/80""]",ambigu
8083 (green).jpg,8083green,8083,9,"[""120/80"", ""12400/8"", ""2035/8"", ""2039/8"", ""7001/80"", ""7003/80"", ""8078/80"", ""81025/80"", ""8338/80""]",ambigu
8083 (orange).png,8083orange,8083,9,"[""120/80"", ""12400/8"", ""2035/8"", ""2039/8"", ""7001/80"", ""7003/80"", ""8078/80"", ""81025/80"", ""8338/80""]",ambigu
8083.png,8083,8083,9,"[""120/80"", ""12400/8"", ""2035/8"", ""2039/8"", ""7001/80"", ""7003/80"", ""8078/80"", ""81025/80"", ""8338/80""]",ambigu
8085.png,8085,8085,9,"[""120/80"", ""12400/8"", ""2035/8"", ""2039/8"", ""7001/80"", ""7003/80"", ""8078/80"", ""81025/80"", ""8338/80""]",ambigu
8094_3-1-2-3.jpg,80943123,80943123,9,"[""120/80"", ""12400/8"", ""2035/8"", ""2039/8"", ""7001/80"", ""7003/80"", ""8078/80"", ""81025/80"", ""8338/80""]",ambigu
8101.   #1,8101,8101,3,"[""12400/8"", ""2035/8"", ""2039/8""]",ambigu
8101.   #2,8101,8101,3,"[""12400/8"", ""2035/8"", ""2039/8""]",ambigu
8101.   #3,8101,8101,3,"[""12400/8"", ""2035/8"", ""2039/8""]",ambigu
8101.   #4,8101,8101,3,"[""12400/8"", ""2035/8"", ""2039/8""]",ambigu
8102.jpg,8102,8102,3,"[""12400/8"", ""2035/8"", ""2039/8""]",ambigu
81025 #1.png,81025,81025,3,"[""12400/8"", ""2035/8"", ""2039/8""]",ambigu
81025 #2.png,81025,81025,3,"[""12400/8"", ""2035/8"", ""2039/8""]",ambigu
81025 #3.png,81025,81025,3,"[""12400/8"", ""2035/8"", ""2039/8""]",ambigu
81025 #4.png,81025,81025,3,"[""12400/8"", ""2035/8"", ""2039/8""]",ambigu
8103.   #1,8103,8103,3,"[""12400/8"", ""2035/8"", ""2039/8""]",ambigu
8103.   #2,8103,8103,3,"[""12400/8"", ""2035/8"", ""2039/8""]",ambigu
8103.   #3,8103,8103,3,"[""12400/8"", ""2035/8"", ""2039/8""]",ambigu
8103.   #4,8103,8103,3,"[""12400/8"", ""2035/8"", ""2039/8""]",ambigu
8105.jpg,8105,8105,3,"[""12400/8"", ""2035/8"", ""2039/8""]",ambigu
8106.jpg,8106,8106,3,"[""12400/8"", ""2035/8"", ""2039/8""]",ambigu
8107.png,8107,8107,3,"[""12400/8"", ""2035/8"", ""2039/8""]",ambigu
8109.png,8109,8109,3,"[""12400/8"", ""2035/8"", ""2039/8""]",ambigu
8110.png,8110,8110,3,"[""12400/8"", ""2035/8"", ""2039/8""]",ambigu
8111.png,8111,8111,3,"[""12400/8"", ""2035/8"", ""2039/8""]",ambigu
8112.png,8112,8112,3,"[""12400/8"", ""2035/8"", ""2039/8""]",ambigu
8116.jpg,8116,8116,3,"[""12400/8"", ""2035/8"", ""2039/8""]",ambigu
8120.jpg,8120,8120,3,"[""12400/8"", ""2035/8"", ""2039/8""]",ambigu
8125.jpg,8125,8125,3,"[""12400/8"", ""2035/8"", ""2039/8""]",ambigu
8131_3-1-2-3.jpg,81313123,81313123,3,"[""12400/8"", ""2035/8"", ""2039/8""]",ambigu
8133.jpg,8133,8133,3,"[""12400/8"", ""2035/8"", ""2039/8""]",ambigu
8138 (pink).jpg,8138pink,8138,3,"[""12400/8"", ""2035/8"", ""2039/8""]",ambigu
8138 (red).jpg,8138red,8138,3,"[""12400/8"", ""2035/8"", ""2039/8""]",ambigu
8140.png,8140,8140,3,"[""12400/8"", ""2035/8"", ""2039/8""]",ambigu
8142.png,8142,8142,3,"[""12400/8"", ""2035/8"", ""2039/8""]",ambigu
8148.jpg,8148,8148,3,"[""12400/8"", ""2035/8"", ""2039/8""]",ambigu
8154 (black).jpg,8154black,8154,3,"[""12400/8"", ""2035/8"", ""2039/8""]",ambigu
8154 (white).jpg,8154white,8154,3,"[""12400/8"", ""2035/8"", ""2039/8""]",ambigu
8155 (black).jpg,8155black,8155,3,"[""12400/8"", ""2035/8"", ""2039/8""]",ambigu
8155 (white).jpg,8155white,8155,3,"[""12400/8"", ""2035/8"", ""2039/8""]",ambigu
8157 et 8158.jpg,8157et8158,81578158,3,"[""12400/8"", ""2035/8"", ""2039/8""]",ambigu
8158 (black).jpg,8158black,8158,3,"[""12400/8"", ""2035/8"", ""2039/8""]",ambigu
8158 (white).jpg,8158white,8158,3,"[""12400/8"", ""2035/8"", ""2039/8""]",ambigu
8159 (white).jpg,8159white,8159,3,"[""12400/8"", ""2035/8"", ""2039/8""]",ambigu
8160 (yellow).jpg,8160yellow,8160,4,"[""12400/8"", ""2035/8"", ""2039/8"", ""81602""]",ambigu
8167_2-1-2 (white).jpg,8167212white,8167212,3,"[""12400/8"", ""2035/8"", ""2039/8""]",ambigu
8169_2-1-2 (black)(1).jpg,8169212black1,81692121,3,"[""12400/8"", ""2035/8"", ""2039/8""]",ambigu
8169_2-1-2 (black).jpg,8169212black,8169212,3,"[""12400/8"", ""2035/8"", ""2039/8""]",ambigu
8169_2-1-2 (white).jpg,8169212white,8169212,3,"[""12400/8"", ""2035/8"", ""2039/8""]",ambigu
8173_2-1-2 (black).jpg,8173212black,8173212,3,"[""12400/8"", ""2035/8"", ""2039/8""]",ambigu
8173_2-1-2 (white).jpg,8173212white,8173212,3,"[""12400/8"", ""2035/8"", ""2039/8""]",ambigu
8189_2-1-2.jpg,8189212,8189212,3,"[""12400/8"", ""2035/8"", ""2039/8""]",ambigu
8191.jpg,8191,8191,3,"[""12400/8"", ""2035/8"", ""2039/8""]",ambigu
8191_2-1-2.jpg,8191212,8191212,3,"[""12400/8"", ""2035/8"", ""2039/8""]",ambigu
8192.jpg,8192,8192,3,"[""12400/8"", ""2035/8"", ""2039/8""]",ambigu
8193.jpg,8193,8193,3,"[""12400/8"", ""2035/8"", ""2039/8""]",ambigu
8193_2-1-2.jpg,8193212,8193212,3,"[""12400/8"", ""2035/8"", ""2039/8""]",ambigu
8195.jpg,8195,8195,3,"[""12400/8"", ""2035/8"", ""2039/8""]",ambigu
8195_2-1-2.jpg,8195212,8195212,3,"[""12400/8"", ""2035/8"", ""2039/8""]",ambigu
8196.jpg,8196,8196,3,"[""12400/8"", ""2035/8"", ""2039/8""]",ambigu
8197_2-1-2.jpg,8197212,8197212,3,"[""12400/8"", ""2035/8"", ""2039/8""]",ambigu
8426•.jpg,8426,8426,3,"[""12400/8"", ""2035/8"", ""2039/8""]",ambigu
8428.jpg,8428,8428,3,"[""12400/8"", ""2035/8"", ""2039/8""]",ambigu
8436.jpg,8436,8436,3,"[""12400/8"", ""2035/8"", ""2039/8""]",ambigu
868 usb(1).   #2,868usb1,868usb1,3,"[""12400/8"", ""2035/8"", ""2039/8""]",ambigu
868 usb(1).   #3,868usb1,868usb1,3,"[""12400/8"", ""2035/8"", ""2039/8""]",ambigu
868 usb(1).   #4,868usb1,868usb1,3,"[""12400/8"", ""2035/8"", ""2039/8""]",ambigu
868 usb.   #1,868usb,868usb,3,"[""12400/8"", ""2035/8"", ""2039/8""]",ambigu
868 usb.   #2,868usb,868usb,3,"[""12400/8"", ""2035/8"", ""2039/8""]",ambigu
868 usb.   #3,868usb,868usb,3,"[""12400/8"", ""2035/8"", ""2039/8""]",ambigu
868 usb.   #4,868usb,868usb,3,"[""12400/8"", ""2035/8"", ""2039/8""]",ambigu
868 usb_black  #1.png,868usbblack,868usb,3,"[""12400/8"", ""2035/8"", ""2039/8""]",ambigu
868_90.png,86890,86890,3,"[""12400/8"", ""2035/8"", ""2039/8""]",ambigu
9010.  #1,9010,9010,1,"[""269/90""]",aucune-correspondance
9010.  #2,9010,9010,1,"[""269/90""]",aucune-correspondance
9010.  #3,9010,9010,1,"[""269/90""]",aucune-correspondance
9010.  #4,9010,9010,1,"[""269/90""]",aucune-correspondance
9115.  #1,9115,9115,0,[],aucune-correspondance
9115.  #2,9115,9115,0,[],aucune-correspondance
9115.  #3,9115,9115,0,[],aucune-correspondance
9115.  #4,9115,9115,0,[],aucune-correspondance
920.jpg,920,920,0,[],aucune-correspondance
952.png,952,952,0,[],aucune-correspondance
9830.  #1,9830,9830,0,[],aucune-correspondance
9830.  #2,9830,9830,0,[],aucune-correspondance
9830.  #3,9830,9830,0,[],aucune-correspondance
9830.  #4,9830,9830,0,[],aucune-correspondance
9831.   #1,9831,9831,0,[],aucune-correspondance
9831.   #2,9831,9831,0,[],aucune-correspondance
9831.   #3,9831,9831,0,[],aucune-correspondance
9831.   #4,9831,9831,0,[],aucune-correspondance
999.jpg,999,999,0,[],aucune-correspondance
A 001.jpg,a001,a001,4,"[""L 001"", ""TC 001"", ""n/a"", ""rim001""]",ambigu
A 23.png,a23,a23,3,"[""A 2339"", ""A2337"", ""n/a""]",ambigu
A 28_.png,a28,a28,1,"[""n/a""]",aucune-correspondance
A 29_.jpg,a29,a29,2,"[""k29"", ""n/a""]",ambigu
A 30_.png,a30,a30,1,"[""n/a""]",aucune-correspondance
A 38.png,a38,a38,1,"[""n/a""]",aucune-correspondance
A264.   #1,a264,a264,1,"[""n/a""]",aucune-correspondance
A264.   #2,a264,a264,1,"[""n/a""]",aucune-correspondance
A264.   #3,a264,a264,1,"[""n/a""]",aucune-correspondance
A264.   #4,a264,a264,1,"[""n/a""]",aucune-correspondance
B 4004.  #1,b4004,b4004,5,"[""25209/4"", ""3029/40"", ""3381/40"", ""7001/40"", ""9028/40""]",ambigu
B 4004.  #2,b4004,b4004,5,"[""25209/4"", ""3029/40"", ""3381/40"", ""7001/40"", ""9028/40""]",ambigu
B 4004.  #3,b4004,b4004,5,"[""25209/4"", ""3029/40"", ""3381/40"", ""7001/40"", ""9028/40""]",ambigu
B 4004.  #4,b4004,b4004,5,"[""25209/4"", ""3029/40"", ""3381/40"", ""7001/40"", ""9028/40""]",ambigu
C 919.jpg,c919,c919,0,[],aucune-correspondance
C 932.png,c932,c932,0,[],aucune-correspondance
cj 1323.png,cj1323,cj1323,0,[],aucune-correspondance
cj 1359.png,cj1359,cj1359,0,[],aucune-correspondance
cost 005.png,cost005,cost005,3,"[""005"", ""mo005"", ""rim005""]",ambigu
d 205.   #1,d205,d205,3,"[""2450/2"", ""2455/2"", ""2882/2""]",ambigu
d 205.   #2,d205,d205,3,"[""2450/2"", ""2455/2"", ""2882/2""]",ambigu
d 205.   #3,d205,d205,3,"[""2450/2"", ""2455/2"", ""2882/2""]",ambigu
d 205.   #4,d205,d205,3,"[""2450/2"", ""2455/2"", ""2882/2""]",ambigu
d 206.   #1,d206,d206,3,"[""2450/2"", ""2455/2"", ""2882/2""]",ambigu
d 206.   #2,d206,d206,3,"[""2450/2"", ""2455/2"", ""2882/2""]",ambigu
d 206.   #3,d206,d206,3,"[""2450/2"", ""2455/2"", ""2882/2""]",ambigu
d 206.   #4,d206,d206,3,"[""2450/2"", ""2455/2"", ""2882/2""]",ambigu
d 224.  #1,d224,d224,5,"[""2241"", ""2450/2"", ""2455/2"", ""2882/2"", ""8274/2-2""]",ambigu
d 224.  #2,d224,d224,5,"[""2241"", ""2450/2"", ""2455/2"", ""2882/2"", ""8274/2-2""]",ambigu
d 224.  #3,d224,d224,5,"[""2241"", ""2450/2"", ""2455/2"", ""2882/2"", ""8274/2-2""]",ambigu
d 224.  #4,d224,d224,5,"[""2241"", ""2450/2"", ""2455/2"", ""2882/2"", ""8274/2-2""]",ambigu
D 9710_3.    #1,d97103,d97103,0,[],aucune-correspondance
D 9710_3.    #2,d97103,d97103,0,[],aucune-correspondance
D 9710_3.    #3,d97103,d97103,0,[],aucune-correspondance
D 9710_3.    #4,d97103,d97103,0,[],aucune-correspondance
D 9795_10.   #1,d979510,d979510,0,[],aucune-correspondance
D 9795_10.   #2,d979510,d979510,0,[],aucune-correspondance
D 9795_10.   #3,d979510,d979510,0,[],aucune-correspondance
D 9795_10.   #4,d979510,d979510,0,[],aucune-correspondance
D 9901.    #1,d9901,d9901,0,[],aucune-correspondance
D 9901.    #2,d9901,d9901,0,[],aucune-correspondance
D 9901.    #3,d9901,d9901,0,[],aucune-correspondance
D 9901.    #4,d9901,d9901,0,[],aucune-correspondance
d 9901.   #1,d9901,d9901,0,[],aucune-correspondance
d 9901.   #2,d9901,d9901,0,[],aucune-correspondance
d 9901.   #3,d9901,d9901,0,[],aucune-correspondance
d 9901.   #4,d9901,d9901,0,[],aucune-correspondance
D9688.  #1,d9688,d9688,1,"[""7295/96""]",aucune-correspondance
D9688.  #2,d9688,d9688,1,"[""7295/96""]",aucune-correspondance
D9688.  #3,d9688,d9688,1,"[""7295/96""]",aucune-correspondance
D9688.  #4,d9688,d9688,1,"[""7295/96""]",aucune-correspondance
Flower 1 ( red).jpg,flower1red,flower1,5,"[""1+4"", ""11813/1 GD"", ""2450/1"", ""2455/1"", ""2882/1""]",ambigu
Flower 1 (green).jpg,flower1green,flower1,5,"[""1+4"", ""11813/1 GD"", ""2450/1"", ""2455/1"", ""2882/1""]",ambigu
Flower 1 (light blue).jpg,flower1lightblue,flower1light,5,"[""1+4"", ""11813/1 GD"", ""2450/1"", ""2455/1"", ""2882/1""]",ambigu
flower 1 (transparent).jpg,flower1transparent,flower1,5,"[""1+4"", ""11813/1 GD"", ""2450/1"", ""2455/1"", ""2882/1""]",ambigu
flower 1 (white).jpg,flower1white,flower1,5,"[""1+4"", ""11813/1 GD"", ""2450/1"", ""2455/1"", ""2882/1""]",ambigu
flower 1.  (Blue).jpg,flower1blue,flower1,5,"[""1+4"", ""11813/1 GD"", ""2450/1"", ""2455/1"", ""2882/1""]",ambigu
flower 1. (Purple).jpg,flower1purple,flower1,5,"[""1+4"", ""11813/1 GD"", ""2450/1"", ""2455/1"", ""2882/1""]",ambigu
flower 1.(yellow).jpg,flower1yellow,flower1,5,"[""1+4"", ""11813/1 GD"", ""2450/1"", ""2455/1"", ""2882/1""]",ambigu
flower 2 (blue).jpg,flower2blue,flower2,10,"[""2450/2"", ""2455/2"", ""2628/2-1-2"", ""2736/2-1-2"", ""2757/2-1-2"", ""2759/2-1-2"", ""2787/2-1-2"", ""2794/2-1-2"", ""2882/2"", ""2893/2-1-2""]",ambigu
flower 2 (light blue ).jpg,flower2lightblue,flower2light,10,"[""2450/2"", ""2455/2"", ""2628/2-1-2"", ""2736/2-1-2"", ""2757/2-1-2"", ""2759/2-1-2"", ""2787/2-1-2"", ""2794/2-1-2"", ""2882/2"", ""2893/2-1-2""]",ambigu
flower 2 (purple).jpg,flower2purple,flower2,10,"[""2450/2"", ""2455/2"", ""2628/2-1-2"", ""2736/2-1-2"", ""2757/2-1-2"", ""2759/2-1-2"", ""2787/2-1-2"", ""2794/2-1-2"", ""2882/2"", ""2893/2-1-2""]",ambigu
flower 2 (red).jpg,flower2red,flower2,10,"[""2450/2"", ""2455/2"", ""2628/2-1-2"", ""2736/2-1-2"", ""2757/2-1-2"", ""2759/2-1-2"", ""2787/2-1-2"", ""2794/2-1-2"", ""2882/2"", ""2893/2-1-2""]",ambigu
flower 2 (transparent ).jpg,flower2transparent,flower2,10,"[""2450/2"", ""2455/2"", ""2628/2-1-2"", ""2736/2-1-2"", ""2757/2-1-2"", ""2759/2-1-2"", ""2787/2-1-2"", ""2794/2-1-2"", ""2882/2"", ""2893/2-1-2""]",ambigu
flower 2 (yellow).jpg,flower2yellow,flower2,10,"[""2450/2"", ""2455/2"", ""2628/2-1-2"", ""2736/2-1-2"", ""2757/2-1-2"", ""2759/2-1-2"", ""2787/2-1-2"", ""2794/2-1-2"", ""2882/2"", ""2893/2-1-2""]",ambigu
flower 2.  (Green).jpg,flower2green,flower2,10,"[""2450/2"", ""2455/2"", ""2628/2-1-2"", ""2736/2-1-2"", ""2757/2-1-2"", ""2759/2-1-2"", ""2787/2-1-2"", ""2794/2-1-2"", ""2882/2"", ""2893/2-1-2""]",ambigu
Flower 3 ( red).jpg,flower3red,flower3,10,"[""12063/3 LED"", ""2447/3-1-2-3"", ""2450/3"", ""2455/3"", ""2549/3-1"", ""2549/3-2"", ""2549/3-3"", ""2574/3-1-2-3"", ""2754/3-1-2-3"", ""2780/3-1-2-3""]",ambigu
Flower 3 (green).jpg,flower3green,flower3,10,"[""12063/3 LED"", ""2447/3-1-2-3"", ""2450/3"", ""2455/3"", ""2549/3-1"", ""2549/3-2"", ""2549/3-3"", ""2574/3-1-2-3"", ""2754/3-1-2-3"", ""2780/3-1-2-3""]",ambigu
Flower 3 (light blue).jpg,flower3lightblue,flower3light,10,"[""12063/3 LED"", ""2447/3-1-2-3"", ""2450/3"", ""2455/3"", ""2549/3-1"", ""2549/3-2"", ""2549/3-3"", ""2574/3-1-2-3"", ""2754/3-1-2-3"", ""2780/3-1-2-3""]",ambigu
Flower 3 (purple)(1).jpg,flower3purple1,flower31,10,"[""12063/3 LED"", ""2447/3-1-2-3"", ""2450/3"", ""2455/3"", ""2549/3-1"", ""2549/3-2"", ""2549/3-3"", ""2574/3-1-2-3"", ""2754/3-1-2-3"", ""2780/3-1-2-3""]",ambigu
Flower 3 (purple).jpg,flower3purple,flower3,10,"[""12063/3 LED"", ""2447/3-1-2-3"", ""2450/3"", ""2455/3"", ""2549/3-1"", ""2549/3-2"", ""2549/3-3"", ""2574/3-1-2-3"", ""2754/3-1-2-3"", ""2780/3-1-2-3""]",ambigu
Flower 3 (transparent)_.jpg,flower3transparent,flower3,10,"[""12063/3 LED"", ""2447/3-1-2-3"", ""2450/3"", ""2455/3"", ""2549/3-1"", ""2549/3-2"", ""2549/3-3"", ""2574/3-1-2-3"", ""2754/3-1-2-3"", ""2780/3-1-2-3""]",ambigu
flower 3 (yellow).jpg,flower3yellow,flower3,10,"[""12063/3 LED"", ""2447/3-1-2-3"", ""2450/3"", ""2455/3"", ""2549/3-1"", ""2549/3-2"", ""2549/3-3"", ""2574/3-1-2-3"", ""2754/3-1-2-3"", ""2780/3-1-2-3""]",ambigu
flower 3.  (White).jpg,flower3white,flower3,10,"[""12063/3 LED"", ""2447/3-1-2-3"", ""2450/3"", ""2455/3"", ""2549/3-1"", ""2549/3-2"", ""2549/3-3"", ""2574/3-1-2-3"", ""2754/3-1-2-3"", ""2780/3-1-2-3""]",ambigu
Flower 3. (Blue).jpg,flower3blue,flower3,10,"[""12063/3 LED"", ""2447/3-1-2-3"", ""2450/3"", ""2455/3"", ""2549/3-1"", ""2549/3-2"", ""2549/3-3"", ""2574/3-1-2-3"", ""2754/3-1-2-3"", ""2780/3-1-2-3""]",ambigu
H 2017-1.png,h20171,h20171,0,[],aucune-correspondance
h788-1.png,h7881,h7881,0,[],aucune-correspondance
HX 410.png,hx410,hx410,0,[],aucune-correspondance
id 15.png,id15,id15,0,[],aucune-correspondance
ID 21.png,id21,id21,3,"[""8144/2-1"", ""8274/2-1"", ""8420/2-1""]",ambigu
ID-17.png,id17,id17,0,[],aucune-correspondance
ID-18.png,id18,id18,0,[],aucune-correspondance
IMG_2412.PNG,img2412,img2412,0,[],aucune-correspondance
JS 094_.png,js094,js094,0,[],aucune-correspondance
JS 095_.png,js095,js095,0,[],aucune-correspondance
js 28 A.png,js28a,js28a,0,[],aucune-correspondance
js 32 B.png,js32b,js32b,4,"[""2549/3-2"", ""2914/3-2"", ""8271/3-2"", ""js 32 A""]",ambigu
kd 022.jpg,kd022,kd022,0,[],aucune-correspondance
L 002_6. #1,l0026,l0026,0,[],aucune-correspondance
L 002_6. #2,l0026,l0026,0,[],aucune-correspondance
L 002_6. #3,l0026,l0026,0,[],aucune-correspondance
L 002_6. #4,l0026,l0026,0,[],aucune-correspondance
L007_12.  #1,l00712,l00712,0,[],aucune-correspondance
L007_12.  #2,l00712,l00712,0,[],aucune-correspondance
L007_12.  #3,l00712,l00712,0,[],aucune-correspondance
L007_12.  #4,l00712,l00712,0,[],aucune-correspondance
LO19_6.  #1,lo196,lo196,0,[],aucune-correspondance
LO19_6.  #2,lo196,lo196,0,[],aucune-correspondance
LO19_6.  #3,lo196,lo196,0,[],aucune-correspondance
LO19_6.  #4,lo196,lo196,0,[],aucune-correspondance
LO21_5.  #1,lo215,lo215,0,[],aucune-correspondance
LO21_5.  #2,lo215,lo215,0,[],aucune-correspondance
LO21_5.  #3,lo215,lo215,0,[],aucune-correspondance
LO21_5.  #4,lo215,lo215,0,[],aucune-correspondance
LO28_6.  #1,lo286,lo286,0,[],aucune-correspondance
LO28_6.  #2,lo286,lo286,0,[],aucune-correspondance
LO28_6.  #3,lo286,lo286,0,[],aucune-correspondance
LO28_6.  #4,lo286,lo286,0,[],aucune-correspondance
MX 25-16 A.  #1,mx2516a,mx2516a,1,"[""7324/25""]",aucune-correspondance
MX 25-16 A.  #2,mx2516a,mx2516a,1,"[""7324/25""]",aucune-correspondance
MX 25-16 A.  #3,mx2516a,mx2516a,1,"[""7324/25""]",aucune-correspondance
MX 25-16 A.  #4,mx2516a,mx2516a,1,"[""7324/25""]",aucune-correspondance
MX 25-16.   #1,mx2516,mx2516,1,"[""7324/25""]",aucune-correspondance
MX 25-16.   #2,mx2516,mx2516,1,"[""7324/25""]",aucune-correspondance
MX 25-16.   #3,mx2516,mx2516,1,"[""7324/25""]",aucune-correspondance
MX 25-16.   #4,mx2516,mx2516,1,"[""7324/25""]",aucune-correspondance
MX 65_6.  #1,mx656,mx656,1,"[""1167/65""]",aucune-correspondance
MX 65_6.  #2,mx656,mx656,1,"[""1167/65""]",aucune-correspondance
MX 65_6.  #3,mx656,mx656,1,"[""1167/65""]",aucune-correspondance
MX 65_6.  #4,mx656,mx656,1,"[""1167/65""]",aucune-correspondance
rim 13.png,rim13,rim13,1,"[""L012/13""]",aucune-correspondance
rim 333.png,rim333,rim333,0,[],aucune-correspondance
rim 54.jpg,rim54,rim54,0,[],aucune-correspondance
Rim 55.jpg,rim55,rim55,1,"[""8338/55""]",aucune-correspondance
Rim 59.png,rim59,rim59,0,[],aucune-correspondance
rim 63.jpg,rim63,rim63,0,[],aucune-correspondance
rim002 (bège).jpg,rim002bege,rim002bege,0,[],aucune-correspondance
rim002 (transparent ).jpg,rim002transparent,rim002,0,[],aucune-correspondance
RL 9270 M.    #1,rl9270m,rl9270m,0,[],aucune-correspondance
RL 9270 M.    #2,rl9270m,rl9270m,0,[],aucune-correspondance
RL 9270 M.    #3,rl9270m,rl9270m,0,[],aucune-correspondance
RL 9270 M.    #4,rl9270m,rl9270m,0,[],aucune-correspondance
SC 11904.jpg,sc11904,sc11904,0,[],aucune-correspondance
SC 126.png,sc126,sc126,0,[],aucune-correspondance
SC 150.png,sc150,sc150,0,[],aucune-correspondance
SC 150_.png,sc150,sc150,0,[],aucune-correspondance
SR 1167_65   #1.png,sr116765,sr116765,3,"[""2450/1"", ""2455/1"", ""2882/1""]",ambigu
SR 1167_65   #2.png,sr116765,sr116765,3,"[""2450/1"", ""2455/1"", ""2882/1""]",ambigu
SR 1167_65   #3.png,sr116765,sr116765,3,"[""2450/1"", ""2455/1"", ""2882/1""]",ambigu
SR 1167_65   #4.png,sr116765,sr116765,3,"[""2450/1"", ""2455/1"", ""2882/1""]",ambigu
SS 016.png,ss016,ss016,0,[],aucune-correspondance
T 2203_black   #1.png,t2203black,t2203,6,"[""2203"", ""2450/2"", ""2455/2"", ""2882/2"", ""8274/2-2"", ""L2203""]",ambigu
T 2203_black   #2.png,t2203black,t2203,6,"[""2203"", ""2450/2"", ""2455/2"", ""2882/2"", ""8274/2-2"", ""L2203""]",ambigu
T 2203_black  #3.png,t2203black,t2203,6,"[""2203"", ""2450/2"", ""2455/2"", ""2882/2"", ""8274/2-2"", ""L2203""]",ambigu
T 2203_black  #4.png,t2203black,t2203,6,"[""2203"", ""2450/2"", ""2455/2"", ""2882/2"", ""8274/2-2"", ""L2203""]",ambigu
T 2203_white.  #1,t2203white,t2203,6,"[""2203"", ""2450/2"", ""2455/2"", ""2882/2"", ""8274/2-2"", ""L2203""]",ambigu
T 2203_white.  #2,t2203white,t2203,6,"[""2203"", ""2450/2"", ""2455/2"", ""2882/2"", ""8274/2-2"", ""L2203""]",ambigu
T 2203_white.  #3,t2203white,t2203,6,"[""2203"", ""2450/2"", ""2455/2"", ""2882/2"", ""8274/2-2"", ""L2203""]",ambigu
T 2203_white.  #4,t2203white,t2203,6,"[""2203"", ""2450/2"", ""2455/2"", ""2882/2"", ""8274/2-2"", ""L2203""]",ambigu
Unknown.jpg,unknown,unknown,0,[],aucune-correspondance
Unknown_.png,unknown,unknown,0,[],aucune-correspondance
