original_name,detected_extension,image_key,reason,stage2_reason,stage2_clean_key,stage2_candidates
077_.png,.png,077,aucune,fichier-image-introuvable,077,"[""077.""]"
09865_9R.  #1,.png,098659r,aucune,fichier-image-introuvable,098659r,"[""09865/9R""]"
09865_9R.  #2,.png,098659r,aucune,fichier-image-introuvable,098659r,"[""09865/9R""]"
09865_9R.  #3,.png,098659r,aucune,fichier-image-introuvable,098659r,"[""09865/9R""]"
09865_9R.  #4,.png,098659r,aucune,fichier-image-introuvable,098659r,"[""09865/9R""]"
118.png,.png,118,aucune,fichier-image-introuvable,118,"[""118""]"
11813_1 bk. #1,.jpg,118131bk,aucune,fichier-image-introuvable,118131,"[""11813/1 bk""]"
11813_1 bk. #2,.jpg,118131bk,aucune,fichier-image-introuvable,118131,"[""11813/1 bk""]"
11813_1 bk. #3,.jpg,118131bk,aucune,fichier-image-introuvable,118131,"[""11813/1 bk""]"
11813_1 bk. #4,.jpg,118131bk,aucune,fichier-image-introuvable,118131,"[""11813/1 bk""]"
12209.    #1,.jpg,12209,aucune,fichier-image-introuvable,12209,"[""12209""]"
12209.    #2,.jpg,12209,aucune,fichier-image-introuvable,12209,"[""12209""]"
12209.    #3,.jpg,12209,aucune,fichier-image-introuvable,12209,"[""12209""]"
12209.    #4,.jpg,12209,aucune,fichier-image-introuvable,12209,"[""12209""]"
131.png,.png,131,aucune,fichier-image-introuvable,131,"[""131""]"
1701.  #1,.jpg,1701,aucune,fichier-image-introuvable,1701,"[""1701""]"
1701.  #2,.jpg,1701,aucune,fichier-image-introuvable,1701,"[""1701""]"
1701.  #3,.jpg,1701,aucune,fichier-image-introuvable,1701,"[""1701""]"
1701.  #4,.jpg,1701,aucune,fichier-image-introuvable,1701,"[""1701""]"
171_90.jpg,.jpg,17190,aucune,fichier-image-introuvable,17190,"[""171/90""]"
173_.jpg,.jpg,173,aucune,fichier-image-introuvable,173,"[""173.""]"
1750.  #1,.jpg,1750,aucune,ambigu,1750,"[""11813/1 bk"", ""2450/1"", ""2455/1"", ""2882/1"", ""7415/16/17""]"
1750.  #2,.jpg,1750,aucune,ambigu,1750,"[""11813/1 bk"", ""2450/1"", ""2455/1"", ""2882/1"", ""7415/16/17""]"
1750.  #3,.jpg,1750,aucune,ambigu,1750,"[""11813/1 bk"", ""2450/1"", ""2455/1"", ""2882/1"", ""7415/16/17""]"
1750.  #4,.jpg,1750,aucune,ambigu,1750,"[""11813/1 bk"", ""2450/1"", ""2455/1"", ""2882/1"", ""7415/16/17""]"
1752.  #1,.jpg,1752,aucune,ambigu,1752,"[""11813/1 bk"", ""2450/1"", ""2455/1"", ""2882/1"", ""7415/16/17""]"
1752.  #2,.jpg,1752,aucune,ambigu,1752,"[""11813/1 bk"", ""2450/1"", ""2455/1"", ""2882/1"", ""7415/16/17""]"
1752.  #3,.jpg,1752,aucune,ambigu,1752,"[""11813/1 bk"", ""2450/1"", ""2455/1"", ""2882/1"", ""7415/16/17""]"
1752.  #4,.jpg,1752,aucune,ambigu,1752,"[""11813/1 bk"", ""2450/1"", ""2455/1"", ""2882/1"", ""7415/16/17""]"
175_90cm.jpg,.jpg,17590cm,aucune,ambigu,17590,"[""11813/1 bk"", ""2450/1"", ""2455/1"", ""2882/1"", ""7415/16/17""]"
2026 F   #1.png,.png,2026f,aucune,fichier-image-introuvable,2026f,"[""2026 F""]"
2026 F   #2.png,.png,2026f,aucune,fichier-image-introuvable,2026f,"[""2026 F""]"
2026 F   #3.png,.png,2026f,aucune,fichier-image-introuvable,2026f,"[""2026 F""]"
2026 F   #4.png,.png,2026f,aucune,fichier-image-introuvable,2026f,"[""2026 F""]"
2101_.png,.png,2101,aucune,fichier-image-introuvable,2101,"[""2101.""]"
2128_3-1-2-3.jpg,.jpg,21283123,aucune,fichier-image-introuvable,21283123,"[""2128/3-1-2-3""]"
21804.png,.png,21804,aucune,fichier-image-introuvable,21804,"[""21804""]"
222.png,.png,222,aucune,fichier-image-introuvable,222,"[""222""]"
2233_ grey and white. #1,.png,2233greyandwhite,aucune,fichier-image-introuvable,2233,"[""2233""]"
2233_ grey and white. #2,.png,2233greyandwhite,aucune,fichier-image-introuvable,2233,"[""2233""]"
2233_ grey and white. #3,.png,2233greyandwhite,aucune,fichier-image-introuvable,2233,"[""2233""]"
2233_ grey and white. #4,.png,2233greyandwhite,aucune,fichier-image-introuvable,2233,"[""2233""]"
2233_grey.   #1,.png,2233grey,aucune,fichier-image-introuvable,2233,"[""2233""]"
2233_grey.   #2,.png,2233grey,aucune,fichier-image-introuvable,2233,"[""2233""]"
2233_grey.   #3,.png,2233grey,aucune,fichier-image-introuvable,2233,"[""2233""]"
2233_grey.   #4,.png,2233grey,aucune,fichier-image-introuvable,2233,"[""2233""]"
2233_white.   #1,.png,2233white,aucune,fichier-image-introuvable,2233,"[""2233""]"
2233_white.   #2,.png,2233white,aucune,fichier-image-introuvable,2233,"[""2233""]"
2233_white.   #3,.png,2233white,aucune,fichier-image-introuvable,2233,"[""2233""]"
2233_white.   #4,.png,2233white,aucune,fichier-image-introuvable,2233,"[""2233""]"
2309.jpg,.jpg,2309,aucune,fichier-image-introuvable,2309,"[""2309""]"
2310.png,.png,2310,aucune,fichier-image-introuvable,2310,"[""2310""]"
2377.png,.png,2377,aucune,fichier-image-introuvable,2377,"[""2377""]"
2408.png,.png,2408,aucune,fichier-image-introuvable,2408,"[""2408""]"
2442.   #1,.jpg,2442,aucune,fichier-image-introuvable,2442,"[""2442""]"
2442.   #2,.jpg,2442,aucune,fichier-image-introuvable,2442,"[""2442""]"
2442.   #3,.jpg,2442,aucune,fichier-image-introuvable,2442,"[""2442""]"
2442.   #4,.jpg,2442,aucune,fichier-image-introuvable,2442,"[""2442""]"
2443.   #1,.jpg,2443,aucune,fichier-image-introuvable,2443,"[""2443""]"
2443.   #2,.jpg,2443,aucune,fichier-image-introuvable,2443,"[""2443""]"
2443.   #3,.jpg,2443,aucune,fichier-image-introuvable,2443,"[""2443""]"
2443.   #4,.png,2443,aucune,fichier-image-introuvable,2443,"[""2443""]"
2462 (purple).jpg,.jpg,2462purple,aucune,fichier-image-introuvable,2462,"[""2462""]"
2462 (yellow).jpg,.jpg,2462yellow,aucune,fichier-image-introuvable,2462,"[""2462""]"
2503 (black).png,.png,2503black,aucune,fichier-image-introuvable,2503,"[""2503""]"
2503 (white).jpg,.jpg,2503white,aucune,fichier-image-introuvable,2503,"[""2503""]"
25209.  #1,.jpg,25209,aucune,ambigu,25209,"[""2450/2"", ""2455/2"", ""2882/2"", ""7324/25""]"
25209.  #2,.jpg,25209,aucune,ambigu,25209,"[""2450/2"", ""2455/2"", ""2882/2"", ""7324/25""]"
25209.  #3,.jpg,25209,aucune,ambigu,25209,"[""2450/2"", ""2455/2"", ""2882/2"", ""7324/25""]"
25209.  #4,.jpg,25209,aucune,ambigu,25209,"[""2450/2"", ""2455/2"", ""2882/2"", ""7324/25""]"
2557.jpg,.jpg,2557,aucune,fichier-image-introuvable,2557,"[""2557""]"
2569.png,.png,2569,aucune,fichier-image-introuvable,2569,"[""2569""]"
2570.jpg,.jpg,2570,aucune,fichier-image-introuvable,2570,"[""2570""]"
2572.jpg,.jpg,2572,aucune,fichier-image-introuvable,2572,"[""2572""]"
2587.jpg,.jpg,2587,aucune,fichier-image-introuvable,2587,"[""2587""]"
2593.jpg,.jpg,2593,aucune,fichier-image-introuvable,2593,"[""2593""]"
2594.jpg,.jpg,2594,aucune,fichier-image-introuvable,2594,"[""2594""]"
2595.jpg,.jpg,2595,aucune,fichier-image-introuvable,2595,"[""2595""]"
2597_98_99.jpg,.jpg,25979899,aucune,fichier-image-introuvable,25979899,"[""2597/98/99""]"
2615_3-1-2-3.jpg,.jpg,26153123,aucune,fichier-image-introuvable,26153123,"[""2615/3-1-2-3""]"
2626_2-1-2 (white).jpg,.jpg,2626212white,aucune,ambigu,2626212,"[""2450/2"", ""2455/2"", ""2882/2"", ""3724/25/26"", ""7425/26""]"
2626_2-1-2.png,.png,2626212,aucune,fichier-image-introuvable,2626212,"[""2626/2-1-2""]"
2644.    #1,.png,2644,aucune,fichier-image-introuvable,2644,"[""2644""]"
2644.    #2,.png,2644,aucune,fichier-image-introuvable,2644,"[""2644""]"
2644.    #3,.png,2644,aucune,fichier-image-introuvable,2644,"[""2644""]"
2644.    #4,.png,2644,aucune,fichier-image-introuvable,2644,"[""2644""]"
2644.   #1,.jpg,2644,aucune,fichier-image-introuvable,2644,"[""2644""]"
2644.   #2,.jpg,2644,aucune,fichier-image-introuvable,2644,"[""2644""]"
2644.   #3,.jpg,2644,aucune,fichier-image-introuvable,2644,"[""2644""]"
2644.   #4,.png,2644,aucune,fichier-image-introuvable,2644,"[""2644""]"
2645.   #1,.png,2645,aucune,fichier-image-introuvable,2645,"[""2645""]"
2645.   #2,.png,2645,aucune,fichier-image-introuvable,2645,"[""2645""]"
2645.   #3,.png,2645,aucune,fichier-image-introuvable,2645,"[""2645""]"
2645.   #4,.png,2645,aucune,fichier-image-introuvable,2645,"[""2645""]"
2647.  #1,.jpg,2647,aucune,fichier-image-introuvable,2647,"[""2647""]"
2647.  #2,.jpg,2647,aucune,fichier-image-introuvable,2647,"[""2647""]"
2647.  #3,.jpg,2647,aucune,fichier-image-introuvable,2647,"[""2647""]"
2647.  #4,.jpg,2647,aucune,fichier-image-introuvable,2647,"[""2647""]"
2684.  #1,.jpg,2684,aucune,fichier-image-introuvable,2684,"[""2684""]"
2684.  #2,.jpg,2684,aucune,fichier-image-introuvable,2684,"[""2684""]"
2684.  #3,.jpg,2684,aucune,fichier-image-introuvable,2684,"[""2684""]"
2684.  #4,.png,2684,aucune,fichier-image-introuvable,2684,"[""2684""]"
2686.   #1,.jpg,2686,aucune,fichier-image-introuvable,2686,"[""2686""]"
2686.   #2,.jpg,2686,aucune,fichier-image-introuvable,2686,"[""2686""]"
2686.   #3,.jpg,2686,aucune,fichier-image-introuvable,2686,"[""2686""]"
2686.   #4,.jpg,2686,aucune,fichier-image-introuvable,2686,"[""2686""]"
2688.   #1,.jpg,2688,aucune,fichier-image-introuvable,2688,"[""2688""]"
2688.   #2,.jpg,2688,aucune,fichier-image-introuvable,2688,"[""2688""]"
2688.   #3,.jpg,2688,aucune,fichier-image-introuvable,2688,"[""2688""]"
2688.   #4,.jpg,2688,aucune,fichier-image-introuvable,2688,"[""2688""]"
269.jpg,.jpg,269,aucune,fichier-image-introuvable,269,"[""269.""]"
269_.png,.png,269,aucune,fichier-image-introuvable,269,"[""269.""]"
2701_02.jpg,.jpg,270102,aucune,fichier-image-introuvable,270102,"[""2701/02""]"
2702_03.jpg,.jpg,270203,aucune,fichier-image-introuvable,270203,"[""2702/03""]"
2707_08.jpg,.jpg,270708,aucune,fichier-image-introuvable,270708,"[""2707/08""]"
2724_2-1-2.jpg,.jpg,2724212,aucune,fichier-image-introuvable,2724212,"[""2724/2-1-2""]"
2726_2-1-2.jpg,.jpg,2726212,aucune,fichier-image-introuvable,2726212,"[""2726/2-1-2""]"
2728_2-1-2.jpg,.jpg,2728212,aucune,fichier-image-introuvable,2728212,"[""2728/2-1-2""]"
2729.jpg,.jpg,2729,aucune,fichier-image-introuvable,2729,"[""2729""]"
2733(1).jpg,.jpg,27331,aucune,fichier-image-introuvable,27331,"[""2733""]"
2733.jpg,.jpg,2733,aucune,fichier-image-introuvable,2733,"[""2733""]"
2734.png,.png,2734,aucune,fichier-image-introuvable,2734,"[""2734""]"
2738.png,.png,2738,aucune,fichier-image-introuvable,2738,"[""2738""]"
2739.png,.png,2739,aucune,fichier-image-introuvable,2739,"[""2739""]"
2740.   #1,.jpg,2740,aucune,fichier-image-introuvable,2740,"[""2740""]"
2741.  #1,.jpg,2741,aucune,fichier-image-introuvable,2741,"[""2741""]"
2741.  #2,.jpg,2741,aucune,fichier-image-introuvable,2741,"[""2741""]"
2741.  #3,.png,2741,aucune,fichier-image-introuvable,2741,"[""2741""]"
2741.  #4,.jpg,2741,aucune,fichier-image-introuvable,2741,"[""2741""]"
2742.jpg,.jpg,2742,aucune,fichier-image-introuvable,2742,"[""2742""]"
2746.   #1,.jpg,2746,aucune,fichier-image-introuvable,2746,"[""2746""]"
2746.   #2,.jpg,2746,aucune,fichier-image-introuvable,2746,"[""2746""]"
2746.   #3,.jpg,2746,aucune,fichier-image-introuvable,2746,"[""2746""]"
2746.   #4,.jpg,2746,aucune,fichier-image-introuvable,2746,"[""2746""]"
2747 (white and black).png,.png,2747whiteandblack,aucune,fichier-image-introuvable,2747,"[""2747""]"
2747.   #1,.png,2747,aucune,fichier-image-introuvable,2747,"[""2747""]"
2747.   #2,.jpg,2747,aucune,fichier-image-introuvable,2747,"[""2747""]"
2747.   #3,.png,2747,aucune,fichier-image-introuvable,2747,"[""2747""]"
2747.   #4,.jpg,2747,aucune,fichier-image-introuvable,2747,"[""2747""]"
2749.   #1,.png,2749,aucune,fichier-image-introuvable,2749,"[""2749""]"
2749.jpg,.jpg,2749,aucune,fichier-image-introuvable,2749,"[""2749""]"
2750.   #1,.png,2750,aucune,fichier-image-introuvable,2750,"[""2750""]"
2750.   #2,.png,2750,aucune,fichier-image-introuvable,2750,"[""2750""]"
2750.   #3,.png,2750,aucune,fichier-image-introuvable,2750,"[""2750""]"
2750.   #4,.png,2750,aucune,fichier-image-introuvable,2750,"[""2750""]"
2750.png,.png,2750,aucune,fichier-image-introuvable,2750,"[""2750""]"
2754 (blue and green).jpg,.jpg,2754blueandgreen,aucune,fichier-image-introuvable,2754,"[""2754""]"
2760_2-2.jpg,.jpg,276022,aucune,fichier-image-introuvable,276022,"[""2760/2-2""]"
2765_66 (blue).jpg,.jpg,276566blue,aucune,ambigu,276566,"[""2450/2"", ""2455/2"", ""2882/2"", ""3325/26/27""]"
2765_66 (yellow).jpg,.jpg,276566yellow,aucune,ambigu,276566,"[""2450/2"", ""2455/2"", ""2882/2"", ""3325/26/27""]"
2777 (white).png,.png,2777white,aucune,fichier-image-introuvable,2777,"[""2777""]"
2777.png,.png,2777,aucune,fichier-image-introuvable,2777,"[""2777""]"
2780 (blue).png,.png,2780blue,aucune,fichier-image-introuvable,2780,"[""2780""]"
2780 (green).png,.png,2780green,aucune,fichier-image-introuvable,2780,"[""2780""]"
2780 (purple).png,.png,2780purple,aucune,fichier-image-introuvable,2780,"[""2780""]"
2781.jpg,.jpg,2781,aucune,fichier-image-introuvable,2781,"[""2781""]"
2792_2-1-2.jpg,.jpg,2792212,aucune,fichier-image-introuvable,2792212,"[""2792/2-1-2""]"
2797.png,.png,2797,aucune,fichier-image-introuvable,2797,"[""2797""]"
2799.jpg,.jpg,2799,aucune,fichier-image-introuvable,2799,"[""2799""]"
2800.jpg,.jpg,2800,aucune,ambigu,2800,"[""2450/2"", ""2455/2"", ""2882/2""]"
2802.jpg,.jpg,2802,aucune,fichier-image-introuvable,2802,"[""2802""]"
2804.jpg,.jpg,2804,aucune,fichier-image-introuvable,2804,"[""2804""]"
2811.png,.png,2811,aucune,fichier-image-introuvable,2811,"[""2811""]"
2813.jpg,.jpg,2813,aucune,fichier-image-introuvable,2813,"[""2813""]"
2814.jpg,.jpg,2814,aucune,fichier-image-introuvable,2814,"[""2814""]"
2815.jpg,.jpg,2815,aucune,fichier-image-introuvable,2815,"[""2815""]"
2816.jpg,.jpg,2816,aucune,fichier-image-introuvable,2816,"[""2816""]"
2817_3-1-2-3 (dark green).png,.png,28173123darkgreen,aucune,ambigu,28173123dark,"[""2450/2"", ""2455/2"", ""2882/2""]"
2817_3-1-2-3 (white).  #1,.png,28173123white,aucune,ambigu,28173123,"[""2450/2"", ""2455/2"", ""2882/2""]"
2817_3-1-2-3 (white).  #2,.png,28173123white,aucune,ambigu,28173123,"[""2450/2"", ""2455/2"", ""2882/2""]"
2817_3-1-2-3 (white).  #3,.png,28173123white,aucune,ambigu,28173123,"[""2450/2"", ""2455/2"", ""2882/2""]"
2817_3-1-2-3 (white).  #4,.png,28173123white,aucune,ambigu,28173123,"[""2450/2"", ""2455/2"", ""2882/2""]"
2817_3-1-2-3.  #1,.png,28173123,aucune,fichier-image-introuvable,28173123,"[""2817/3-1-2-3""]"
2817_3-1-2-3.  #2,.png,28173123,aucune,fichier-image-introuvable,28173123,"[""2817/3-1-2-3""]"
2817_3-1-2-3.  #3,.png,28173123,aucune,fichier-image-introuvable,28173123,"[""2817/3-1-2-3""]"
2817_3-1-2-3.  #4,.png,28173123,aucune,fichier-image-introuvable,28173123,"[""2817/3-1-2-3""]"
2820_2-1-2.   #1,.png,2820212,aucune,fichier-image-introuvable,2820212,"[""2820/2-1-2""]"
2820_2-1-2.   #2,.png,2820212,aucune,fichier-image-introuvable,2820212,"[""2820/2-1-2""]"
2820_2-1-2.   #3,.png,2820212,aucune,fichier-image-introuvable,2820212,"[""2820/2-1-2""]"
2820_2-1-2.   #4,.png,2820212,aucune,fichier-image-introuvable,2820212,"[""2820/2-1-2""]"
2829.jpg,.jpg,2829,aucune,fichier-image-introuvable,2829,"[""2829""]"
2831_2-2.  #1,.jpg,283122,aucune,fichier-image-introuvable,283122,"[""2831/2-2""]"
2831_2-2.  #2,.jpg,283122,aucune,fichier-image-introuvable,283122,"[""2831/2-2""]"
2831_2-2.  #3,.jpg,283122,aucune,fichier-image-introuvable,283122,"[""2831/2-2""]"
2831_2-2.  #4,.png,283122,aucune,fichier-image-introuvable,283122,"[""2831/2-2""]"
2833_2-2.    #1,.jpg,283322,aucune,fichier-image-introuvable,283322,"[""2833/2-2""]"
2833_2-2.    #2,.jpg,283322,aucune,fichier-image-introuvable,283322,"[""2833/2-2""]"
2833_2-2.    #3,.jpg,283322,aucune,fichier-image-introuvable,283322,"[""2833/2-2""]"
2833_2-2.    #4,.jpg,283322,aucune,fichier-image-introuvable,283322,"[""2833/2-2""]"
2835.   #1,.jpg,2835,aucune,fichier-image-introuvable,2835,"[""2835""]"
2835.   #2,.jpg,2835,aucune,fichier-image-introuvable,2835,"[""2835""]"
2835.   #3,.jpg,2835,aucune,fichier-image-introuvable,2835,"[""2835""]"
2835.   #4,.jpg,2835,aucune,fichier-image-introuvable,2835,"[""2835""]"
2844.jpg,.jpg,2844,aucune,fichier-image-introuvable,2844,"[""2844""]"
2845.jpg,.jpg,2845,aucune,fichier-image-introuvable,2845,"[""2845""]"
2846.png,.png,2846,aucune,fichier-image-introuvable,2846,"[""2846""]"
2847.png,.png,2847,aucune,fichier-image-introuvable,2847,"[""2847""]"
2848.png,.png,2848,aucune,fichier-image-introuvable,2848,"[""2848""]"
2858.   #1,.jpg,2858,aucune,fichier-image-introuvable,2858,"[""2858""]"
2858.   #2,.jpg,2858,aucune,fichier-image-introuvable,2858,"[""2858""]"
2858.   #3,.jpg,2858,aucune,fichier-image-introuvable,2858,"[""2858""]"
2858.   #4,.jpg,2858,aucune,fichier-image-introuvable,2858,"[""2858""]"
2863.   #1,.png,2863,aucune,fichier-image-introuvable,2863,"[""2863""]"
2863.   #2,.png,2863,aucune,fichier-image-introuvable,2863,"[""2863""]"
2863.   #3,.png,2863,aucune,fichier-image-introuvable,2863,"[""2863""]"
2863.   #4,.png,2863,aucune,fichier-image-introuvable,2863,"[""2863""]"
2864(1).   #1,.jpg,28641,aucune,fichier-image-introuvable,28641,"[""2864""]"
2864(1).   #2,.jpg,28641,aucune,fichier-image-introuvable,28641,"[""2864""]"
2864(1).   #3,.jpg,28641,aucune,fichier-image-introuvable,28641,"[""2864""]"
2864(1).   #4,.jpg,28641,aucune,fichier-image-introuvable,28641,"[""2864""]"
2864.   #1,.jpg,2864,aucune,fichier-image-introuvable,2864,"[""2864""]"
2864.   #2,.jpg,2864,aucune,fichier-image-introuvable,2864,"[""2864""]"
2864.   #3,.jpg,2864,aucune,fichier-image-introuvable,2864,"[""2864""]"
2864.   #4,.jpg,2864,aucune,fichier-image-introuvable,2864,"[""2864""]"
2865.   #1,.jpg,2865,aucune,fichier-image-introuvable,2865,"[""2865""]"
2865.   #2,.jpg,2865,aucune,fichier-image-introuvable,2865,"[""2865""]"
2865.   #3,.jpg,2865,aucune,fichier-image-introuvable,2865,"[""2865""]"
2865.   #4,.jpg,2865,aucune,fichier-image-introuvable,2865,"[""2865""]"
2866.    #1,.jpg,2866,aucune,fichier-image-introuvable,2866,"[""2866""]"
2866.    #2,.jpg,2866,aucune,fichier-image-introuvable,2866,"[""2866""]"
2866.    #3,.jpg,2866,aucune,fichier-image-introuvable,2866,"[""2866""]"
2866.    #4,.jpg,2866,aucune,fichier-image-introuvable,2866,"[""2866""]"
2866.   #1,.jpg,2866,aucune,fichier-image-introuvable,2866,"[""2866""]"
2866.   #2,.jpg,2866,aucune,fichier-image-introuvable,2866,"[""2866""]"
2866.   #3,.jpg,2866,aucune,fichier-image-introuvable,2866,"[""2866""]"
2866.   #4,.jpg,2866,aucune,fichier-image-introuvable,2866,"[""2866""]"
2868.   #1,.jpg,2868,aucune,fichier-image-introuvable,2868,"[""2868""]"
2868.   #2,.jpg,2868,aucune,fichier-image-introuvable,2868,"[""2868""]"
2868.   #3,.jpg,2868,aucune,fichier-image-introuvable,2868,"[""2868""]"
2868.   #4,.jpg,2868,aucune,fichier-image-introuvable,2868,"[""2868""]"
2868.jpg,.jpg,2868,aucune,fichier-image-introuvable,2868,"[""2868""]"
2880_2-1-2.jpg,.jpg,2880212,aucune,fichier-image-introuvable,2880212,"[""2880/2-1-2""]"
2884_2-1-2.jpg,.jpg,2884212,aucune,fichier-image-introuvable,2884212,"[""2884/2-1-2""]"
2886_2-1-2.jpg,.jpg,2886212,aucune,fichier-image-introuvable,2886212,"[""2886/2-1-2""]"
2890_2-1-2.jpg,.jpg,2890212,aucune,fichier-image-introuvable,2890212,"[""2890/2-1-2""]"
2914.jpg,.jpg,2914,aucune,ambigu,2914,"[""2450/2"", ""2455/2"", ""2882/2"", ""7427/28/29""]"
2924.jpg,.jpg,2924,aucune,fichier-image-introuvable,2924,"[""2924""]"
2925.jpg,.jpg,2925,aucune,fichier-image-introuvable,2925,"[""2925""]"
2941_3-1-2-3.jpg,.jpg,29413123,aucune,fichier-image-introuvable,29413123,"[""2941/3-1-2-3""]"
3023.jpg,.jpg,3023,aucune,fichier-image-introuvable,3023,"[""3023""]"
3029.  #1,.png,3029,aucune,ambigu,3029,"[""12063/3 LED"", ""2450/3"", ""2455/3"", ""2882/3"", ""D 9710/3"", ""T3226/3""]"
3029.  #2,.png,3029,aucune,ambigu,3029,"[""12063/3 LED"", ""2450/3"", ""2455/3"", ""2882/3"", ""D 9710/3"", ""T3226/3""]"
3029.  #3,.png,3029,aucune,ambigu,3029,"[""12063/3 LED"", ""2450/3"", ""2455/3"", ""2882/3"", ""D 9710/3"", ""T3226/3""]"
3029.  #4,.png,3029,aucune,ambigu,3029,"[""12063/3 LED"", ""2450/3"", ""2455/3"", ""2882/3"", ""D 9710/3"", ""T3226/3""]"
3029_90x35.   #1,.png,302990x35,aucune,fichier-image-introuvable,302990x35,"[""3029/90×35""]"
3029_90x35.   #2,.png,302990x35,aucune,fichier-image-introuvable,302990x35,"[""3029/90×35""]"
3029_90x35.   #3,.png,302990x35,aucune,fichier-image-introuvable,302990x35,"[""3029/90×35""]"
3029_90x35.   #4,.png,302990x35,aucune,fichier-image-introuvable,302990x35,"[""3029/90×35""]"
3030.jpg,.jpg,3030,aucune,fichier-image-introuvable,3030,"[""3030""]"
3073_74_75.png,.png,30737475,aucune,fichier-image-introuvable,30737475,"[""3073/74/75""]"
3076_77.jpg,.jpg,307677,aucune,fichier-image-introuvable,307677,"[""3076/77""]"
3080.jpg,.jpg,3080,aucune,fichier-image-introuvable,3080,"[""3080""]"
3085.jpg,.jpg,3085,aucune,fichier-image-introuvable,3085,"[""3085""]"
3102_03_04 (dark green).jpg,.jpg,31020304darkgreen,aucune,ambigu,31020304dark,"[""12063/3 LED"", ""2450/3"", ""2455/3"", ""2549/3-1"", ""2882/3"", ""2914/3-1"", ""8268/3-1"", ""8286/3-1"", ""D 9710/3"", ""T3226/3""]"
3119_20_21.png,.png,31192021,aucune,fichier-image-introuvable,31192021,"[""3119/20/21""]"
3125.jpg,.jpg,3125,aucune,fichier-image-introuvable,3125,"[""3125""]"
3126.jpg,.jpg,3126,aucune,fichier-image-introuvable,3126,"[""3126""]"
3128.png,.png,3128,aucune,fichier-image-introuvable,3128,"[""3128""]"
3130.png,.png,3130,aucune,fichier-image-introuvable,3130,"[""3130""]"
3133.png,.png,3133,aucune,fichier-image-introuvable,3133,"[""3133""]"
3135.png,.png,3135,aucune,fichier-image-introuvable,3135,"[""3135""]"
3136.jpg,.jpg,3136,aucune,fichier-image-introuvable,3136,"[""3136""]"
3138.jpg,.jpg,3138,aucune,fichier-image-introuvable,3138,"[""3138""]"
3141.jpg,.jpg,3141,aucune,fichier-image-introuvable,3141,"[""3141""]"
3143.jpg,.jpg,3143,aucune,fichier-image-introuvable,3143,"[""3143""]"
3144.jpg,.jpg,3144,aucune,fichier-image-introuvable,3144,"[""3144""]"
3147.jpg,.jpg,3147,aucune,fichier-image-introuvable,3147,"[""3147""]"
3148.jpg,.jpg,3148,aucune,fichier-image-introuvable,3148,"[""3148""]"
3150.jpg,.jpg,3150,aucune,fichier-image-introuvable,3150,"[""3150""]"
3153.jpg,.jpg,3153,aucune,fichier-image-introuvable,3153,"[""3153""]"
3159.jpg,.jpg,3159,aucune,fichier-image-introuvable,3159,"[""3159""]"
3160.png,.png,3160,aucune,fichier-image-introuvable,3160,"[""3160""]"
3161.jpg,.jpg,3161,aucune,fichier-image-introuvable,3161,"[""3161""]"
3180.jpg,.jpg,3180,aucune,fichier-image-introuvable,3180,"[""3180""]"
3202_03_04.jpg,.jpg,32020304,aucune,fichier-image-introuvable,32020304,"[""3202/03/04""]"
3206.jpg,.jpg,3206,aucune,fichier-image-introuvable,3206,"[""3206""]"
3207.jpg,.jpg,3207,aucune,fichier-image-introuvable,3207,"[""3207""]"
3208.jpg,.jpg,3208,aucune,fichier-image-introuvable,3208,"[""3208""]"
3209.jpg,.jpg,3209,aucune,fichier-image-introuvable,3209,"[""3209""]"
3237.jpg,.jpg,3237,aucune,fichier-image-introuvable,3237,"[""3237""]"
3250_51_52.jpg,.jpg,32505152,aucune,fichier-image-introuvable,32505152,"[""3250/51/52""]"
3275.jpg,.jpg,3275,aucune,fichier-image-introuvable,3275,"[""3275""]"
3286.jpg,.jpg,3286,aucune,fichier-image-introuvable,3286,"[""3286""]"
3287.jpg,.jpg,3287,aucune,fichier-image-introuvable,3287,"[""3287""]"
3290.jpg,.jpg,3290,aucune,fichier-image-introuvable,3290,"[""3290""]"
3294_95.png,.png,329495,aucune,fichier-image-introuvable,329495,"[""3294/95""]"
3373.jpg,.jpg,3373,aucune,fichier-image-introuvable,3373,"[""3373""]"
3374.jpg,.jpg,3374,aucune,fichier-image-introuvable,3374,"[""3374""]"
3415.   #1,.jpg,3415,aucune,fichier-image-introuvable,3415,"[""3415""]"
3415.   #2,.jpg,3415,aucune,fichier-image-introuvable,3415,"[""3415""]"
3415.   #3,.png,3415,aucune,fichier-image-introuvable,3415,"[""3415""]"
3415.   #4,.png,3415,aucune,fichier-image-introuvable,3415,"[""3415""]"
3417.   #1,.jpg,3417,aucune,fichier-image-introuvable,3417,"[""3417""]"
3417.   #2,.jpg,3417,aucune,fichier-image-introuvable,3417,"[""3417""]"
3417.   #3,.jpg,3417,aucune,fichier-image-introuvable,3417,"[""3417""]"
3417.   #4,.jpg,3417,aucune,fichier-image-introuvable,3417,"[""3417""]"
3418.    #1,.jpg,3418,aucune,fichier-image-introuvable,3418,"[""3418""]"
3418.    #2,.jpg,3418,aucune,fichier-image-introuvable,3418,"[""3418""]"
3418.    #3,.jpg,3418,aucune,fichier-image-introuvable,3418,"[""3418""]"
3418.    #4,.jpg,3418,aucune,fichier-image-introuvable,3418,"[""3418""]"
3431_32.jpg,.jpg,343132,aucune,fichier-image-introuvable,343132,"[""3431/32""]"
3433_34.jpg,.jpg,343334,aucune,fichier-image-introuvable,343334,"[""3433/34""]"
3439_40.jpg,.jpg,343940,aucune,fichier-image-introuvable,343940,"[""3439/40""]"
3471.jpg,.jpg,3471,aucune,fichier-image-introuvable,3471,"[""3471""]"
3730_31_32.png,.png,37303132,aucune,fichier-image-introuvable,37303132,"[""3730/31/32""]"
3751_52_53.jpg,.jpg,37515253,aucune,fichier-image-introuvable,37515253,"[""3751/52/53""]"
3780.jpg,.jpg,3780,aucune,fichier-image-introuvable,3780,"[""3780""]"
3790_.png,.png,3790,aucune,fichier-image-introuvable,3790,"[""3790.""]"
380(1).  #1,.jpg,3801,aucune,ambigu,3801,"[""12063/3 LED"", ""2450/3"", ""2455/3"", ""2882/3"", ""D 9710/3"", ""T3226/3""]"
380(1).  #2,.jpg,3801,aucune,ambigu,3801,"[""12063/3 LED"", ""2450/3"", ""2455/3"", ""2882/3"", ""D 9710/3"", ""T3226/3""]"
380(1).  #3,.jpg,3801,aucune,ambigu,3801,"[""12063/3 LED"", ""2450/3"", ""2455/3"", ""2882/3"", ""D 9710/3"", ""T3226/3""]"
380(1).  #4,.jpg,3801,aucune,ambigu,3801,"[""12063/3 LED"", ""2450/3"", ""2455/3"", ""2882/3"", ""D 9710/3"", ""T3226/3""]"
380-rouge.   #1,.jpg,380rouge,aucune,ambigu,380,"[""12063/3 LED"", ""2450/3"", ""2455/3"", ""2882/3"", ""D 9710/3"", ""T3226/3""]"
380-rouge.   #2,.jpg,380rouge,aucune,ambigu,380,"[""12063/3 LED"", ""2450/3"", ""2455/3"", ""2882/3"", ""D 9710/3"", ""T3226/3""]"
380-rouge.   #3,.jpg,380rouge,aucune,ambigu,380,"[""12063/3 LED"", ""2450/3"", ""2455/3"", ""2882/3"", ""D 9710/3"", ""T3226/3""]"
380-rouge.   #4,.jpg,380rouge,aucune,ambigu,380,"[""12063/3 LED"", ""2450/3"", ""2455/3"", ""2882/3"", ""D 9710/3"", ""T3226/3""]"
380.  #1,.png,380,aucune,ambigu,380,"[""12063/3 LED"", ""2450/3"", ""2455/3"", ""2882/3"", ""D 9710/3"", ""T3226/3""]"
380.  #2,.jpg,380,aucune,ambigu,380,"[""12063/3 LED"", ""2450/3"", ""2455/3"", ""2882/3"", ""D 9710/3"", ""T3226/3""]"
380.  #3,.jpg,380,aucune,ambigu,380,"[""12063/3 LED"", ""2450/3"", ""2455/3"", ""2882/3"", ""D 9710/3"", ""T3226/3""]"
380.  #4,.jpg,380,aucune,ambigu,380,"[""12063/3 LED"", ""2450/3"", ""2455/3"", ""2882/3"", ""D 9710/3"", ""T3226/3""]"
3900.jpg,.jpg,3900,aucune,fichier-image-introuvable,3900,"[""3900""]"
3901.png,.png,3901,aucune,fichier-image-introuvable,3901,"[""3901""]"
3954_.png,.png,3954,aucune,fichier-image-introuvable,3954,"[""3954.""]"
4444.png,.png,4444,aucune,fichier-image-introuvable,4444,"[""4444""]"
5021_50.  #1,.png,502150,aucune,fichier-image-introuvable,502150,"[""5021/50""]"
5021_50.  #2,.png,502150,aucune,fichier-image-introuvable,502150,"[""5021/50""]"
5021_50.  #3,.png,502150,aucune,fichier-image-introuvable,502150,"[""5021/50""]"
5021_50.  #4,.png,502150,aucune,fichier-image-introuvable,502150,"[""5021/50""]"
555.jpg,.jpg,555,aucune,fichier-image-introuvable,555,"[""555""]"
5585.  #1,.jpg,5585,aucune,fichier-image-introuvable,5585,"[""5585""]"
5585. #2,.jpg,5585,aucune,fichier-image-introuvable,5585,"[""5585""]"
5585. #3,.jpg,5585,aucune,fichier-image-introuvable,5585,"[""5585""]"
5585. #4,.jpg,5585,aucune,fichier-image-introuvable,5585,"[""5585""]"
589 B.  #1,.png,589b,aucune,fichier-image-introuvable,589b,"[""589 B""]"
589 B.  #2,.png,589b,aucune,fichier-image-introuvable,589b,"[""589 B""]"
589 B.  #3,.png,589b,aucune,fichier-image-introuvable,589b,"[""589 B""]"
589 B.  #4,.png,589b,aucune,fichier-image-introuvable,589b,"[""589 B""]"
589 f.   #1,.png,589f,aucune,fichier-image-introuvable,589f,"[""589 B""]"
589 f.   #2,.png,589f,aucune,fichier-image-introuvable,589f,"[""589 B""]"
589 f.   #3,.png,589f,aucune,fichier-image-introuvable,589f,"[""589 B""]"
589 f.   #4,.png,589f,aucune,fichier-image-introuvable,589f,"[""589 B""]"
6100.png,.png,6100,aucune,ambigu,6100,"[""1011/6"", ""1100/6"", ""25209/6"", ""6126/6"", ""81025/6"", ""D 9696/6 bk"", ""L 002/6"", ""L001/6"", ""L007/6"", ""L010/6""]"
7001.   #1,.png,7001,aucune,aucune-correspondance,7001,[]
7001.   #2,.png,7001,aucune,aucune-correspondance,7001,[]
7001.   #3,.png,7001,aucune,aucune-correspondance,7001,[]
7001.   #4,.png,7001,aucune,aucune-correspondance,7001,[]
7029.jpg,.jpg,7029,aucune,fichier-image-introuvable,7029,"[""7029""]"
7317_18.jpg,.jpg,731718,aucune,fichier-image-introuvable,731718,"[""7317/18""]"
7326.jpg,.jpg,7326,aucune,fichier-image-introuvable,7326,"[""7326""]"
7415_16_17(1).jpg,.jpg,741516171,aucune,aucune-correspondance,741516171,[]
7415_16_17.jpg,.jpg,74151617,aucune,fichier-image-introuvable,74151617,"[""7415/16/17""]"
7427_28_29.jpg,.jpg,74272829,aucune,fichier-image-introuvable,74272829,"[""7427/28/29""]"
7432.jpg,.jpg,7432,aucune,fichier-image-introuvable,7432,"[""7432""]"
7453.jpg,.jpg,7453,aucune,fichier-image-introuvable,7453,"[""7453""]"
7461_62.jpg,.jpg,746162,aucune,fichier-image-introuvable,746162,"[""7461/62""]"
7495.png,.png,7495,aucune,fichier-image-introuvable,7495,"[""7495""]"
788 6 chaises.png,.png,7886chaises,aucune,ambigu,7886chaises,"[""788"", ""h788-1""]"
8021.png,.png,8021,aucune,fichier-image-introuvable,8021,"[""8021""]"
8042.png,.png,8042,aucune,fichier-image-introuvable,8042,"[""8042""]"
8046.jpg,.jpg,8046,aucune,fichier-image-introuvable,8046,"[""8046""]"
8052.jpg,.jpg,8052,aucune,fichier-image-introuvable,8052,"[""8052""]"
8059_2-1-2.jpg,.jpg,8059212,aucune,fichier-image-introuvable,8059212,"[""8059/2-1-2""]"
8060 (black).png,.png,8060black,aucune,fichier-image-introuvable,8060,"[""8060""]"
8060 (green).png,.png,8060green,aucune,fichier-image-introuvable,8060,"[""8060""]"
8060 (white).png,.png,8060white,aucune,fichier-image-introuvable,8060,"[""8060""]"
8071 (black).png,.png,8071black,aucune,fichier-image-introuvable,8071,"[""8071""]"
8076. (Pink).png,.png,8076pink,aucune,fichier-image-introuvable,8076,"[""8076.""]"
8076. (Yellow).png,.png,8076yellow,aucune,fichier-image-introuvable,8076,"[""8076.""]"
8077(1).jpg,.jpg,80771,aucune,fichier-image-introuvable,80771,"[""8077""]"
8077.jpg,.jpg,8077,aucune,fichier-image-introuvable,8077,"[""8077""]"
8082 (green).png,.png,8082green,aucune,fichier-image-introuvable,8082,"[""8082""]"
8082 (orange).jpg,.jpg,8082orange,aucune,fichier-image-introuvable,8082,"[""8082""]"
8082 (white).jpg,.jpg,8082white,aucune,fichier-image-introuvable,8082,"[""8082""]"
8083 (black).jpg,.jpg,8083black,aucune,fichier-image-introuvable,8083,"[""8083""]"
8083 (green).jpg,.jpg,8083green,aucune,fichier-image-introuvable,8083,"[""8083""]"
8083 (orange).png,.png,8083orange,aucune,fichier-image-introuvable,8083,"[""8083""]"
8083.png,.png,8083,aucune,fichier-image-introuvable,8083,"[""8083""]"
8085.png,.png,8085,aucune,fichier-image-introuvable,8085,"[""8085""]"
8094_3-1-2-3.jpg,.jpg,80943123,aucune,fichier-image-introuvable,80943123,"[""8094/3-1-2-3""]"
8101.   #1,.jpg,8101,aucune,fichier-image-introuvable,8101,"[""8101""]"
8101.   #2,.jpg,8101,aucune,fichier-image-introuvable,8101,"[""8101""]"
8101.   #3,.jpg,8101,aucune,fichier-image-introuvable,8101,"[""8101""]"
8101.   #4,.jpg,8101,aucune,fichier-image-introuvable,8101,"[""8101""]"
8102.jpg,.jpg,8102,aucune,fichier-image-introuvable,8102,"[""8102""]"
81025 #1.png,.png,81025,aucune,ambigu,81025,"[""12400/8"", ""2035/8"", ""2039/8"", ""8102""]"
81025 #2.png,.png,81025,aucune,ambigu,81025,"[""12400/8"", ""2035/8"", ""2039/8"", ""8102""]"
81025 #3.png,.png,81025,aucune,ambigu,81025,"[""12400/8"", ""2035/8"", ""2039/8"", ""8102""]"
81025 #4.png,.png,81025,aucune,ambigu,81025,"[""12400/8"", ""2035/8"", ""2039/8"", ""8102""]"
8103.   #1,.jpg,8103,aucune,fichier-image-introuvable,8103,"[""8103""]"
8103.   #2,.jpg,8103,aucune,fichier-image-introuvable,8103,"[""8103""]"
8103.   #3,.jpg,8103,aucune,fichier-image-introuvable,8103,"[""8103""]"
8103.   #4,.jpg,8103,aucune,fichier-image-introuvable,8103,"[""8103""]"
8105.jpg,.jpg,8105,aucune,fichier-image-introuvable,8105,"[""8105""]"
8106.jpg,.jpg,8106,aucune,fichier-image-introuvable,8106,"[""8106""]"
8107.png,.png,8107,aucune,fichier-image-introuvable,8107,"[""8107""]"
8109.png,.png,8109,aucune,fichier-image-introuvable,8109,"[""8109""]"
8110.png,.png,8110,aucune,fichier-image-introuvable,8110,"[""8110""]"
8111.png,.png,8111,aucune,fichier-image-introuvable,8111,"[""8111.""]"
8112.png,.png,8112,aucune,fichier-image-introuvable,8112,"[""8112""]"
8116.jpg,.jpg,8116,aucune,fichier-image-introuvable,8116,"[""8116""]"
8120.jpg,.jpg,8120,aucune,fichier-image-introuvable,8120,"[""8120""]"
8125.jpg,.jpg,8125,aucune,fichier-image-introuvable,8125,"[""8125""]"
8131_3-1-2-3.jpg,.jpg,81313123,aucune,fichier-image-introuvable,81313123,"[""8131/3-1-2-3""]"
8133.jpg,.jpg,8133,aucune,fichier-image-introuvable,8133,"[""8133""]"
8138 (pink).jpg,.jpg,8138pink,aucune,fichier-image-introuvable,8138,"[""8138""]"
8138 (red).jpg,.jpg,8138red,aucune,fichier-image-introuvable,8138,"[""8138""]"
8140.png,.png,8140,aucune,fichier-image-introuvable,8140,"[""8140""]"
8142.png,.png,8142,aucune,fichier-image-introuvable,8142,"[""8142""]"
8148.jpg,.jpg,8148,aucune,fichier-image-introuvable,8148,"[""8148""]"
8154 (black).jpg,.jpg,8154black,aucune,fichier-image-introuvable,8154,"[""8154""]"
8154 (white).jpg,.jpg,8154white,aucune,fichier-image-introuvable,8154,"[""8154""]"
8155 (black).jpg,.jpg,8155black,aucune,fichier-image-introuvable,8155,"[""8155""]"
8155 (white).jpg,.jpg,8155white,aucune,fichier-image-introuvable,8155,"[""8155""]"
8157 et 8158.jpg,.jpg,8157et8158,aucune,fichier-image-introuvable,81578158,"[""8157""]"
8158 (black).jpg,.jpg,8158black,aucune,fichier-image-introuvable,8158,"[""8158""]"
8158 (white).jpg,.jpg,8158white,aucune,fichier-image-introuvable,8158,"[""8158""]"
8159 (white).jpg,.jpg,8159white,aucune,fichier-image-introuvable,8159,"[""8159""]"
8160 (yellow).jpg,.jpg,8160yellow,aucune,fichier-image-introuvable,8160,"[""8160""]"
8167_2-1-2 (white).jpg,.jpg,8167212white,aucune,ambigu,8167212,"[""12400/8"", ""2035/8"", ""2039/8""]"
8169_2-1-2 (black)(1).jpg,.jpg,8169212black1,aucune,ambigu,81692121,"[""12400/8"", ""2035/8"", ""2039/8""]"
8169_2-1-2 (black).jpg,.jpg,8169212black,aucune,ambigu,8169212,"[""12400/8"", ""2035/8"", ""2039/8""]"
8169_2-1-2 (white).jpg,.jpg,8169212white,aucune,ambigu,8169212,"[""12400/8"", ""2035/8"", ""2039/8""]"
8173_2-1-2 (black).jpg,.jpg,8173212black,aucune,ambigu,8173212,"[""12400/8"", ""2035/8"", ""2039/8""]"
8173_2-1-2 (white).jpg,.jpg,8173212white,aucune,ambigu,8173212,"[""12400/8"", ""2035/8"", ""2039/8""]"
8189_2-1-2.jpg,.jpg,8189212,aucune,fichier-image-introuvable,8189212,"[""8189/2-1-2""]"
8191.jpg,.jpg,8191,aucune,fichier-image-introuvable,8191,"[""8191""]"
8191_2-1-2.jpg,.jpg,8191212,aucune,fichier-image-introuvable,8191212,"[""8191/2-1-2""]"
8192.jpg,.jpg,8192,aucune,fichier-image-introuvable,8192,"[""8192 m""]"
8193.jpg,.jpg,8193,aucune,fichier-image-introuvable,8193,"[""8193""]"
8193_2-1-2.jpg,.jpg,8193212,aucune,fichier-image-introuvable,8193212,"[""8193/2-1-2""]"
8195.jpg,.jpg,8195,aucune,fichier-image-introuvable,8195,"[""8195""]"
8195_2-1-2.jpg,.jpg,8195212,aucune,fichier-image-introuvable,8195212,"[""8195/2-1-2""]"
8196.jpg,.jpg,8196,aucune,fichier-image-introuvable,8196,"[""8196""]"
8197_2-1-2.jpg,.jpg,8197212,aucune,fichier-image-introuvable,8197212,"[""8197/2-1-2""]"
8426•.jpg,.jpg,8426,aucune,fichier-image-introuvable,8426,"[""8426""]"
8428.jpg,.jpg,8428,aucune,fichier-image-introuvable,8428,"[""8428""]"
8436.jpg,.jpg,8436,aucune,fichier-image-introuvable,8436,"[""8436""]"
868 usb(1).   #2,.png,868usb1,aucune,fichier-image-introuvable,868usb1,"[""868 usb""]"
868 usb(1).   #3,.png,868usb1,aucune,fichier-image-introuvable,868usb1,"[""868 usb""]"
868 usb(1).   #4,.png,868usb1,aucune,fichier-image-introuvable,868usb1,"[""868 usb""]"
868 usb.   #1,.png,868usb,aucune,fichier-image-introuvable,868usb,"[""868 usb""]"
868 usb.   #2,.png,868usb,aucune,fichier-image-introuvable,868usb,"[""868 usb""]"
868 usb.   #3,.png,868usb,aucune,fichier-image-introuvable,868usb,"[""868 usb""]"
868 usb.   #4,.png,868usb,aucune,fichier-image-introuvable,868usb,"[""868 usb""]"
868 usb_black  #1.png,.png,868usbblack,aucune,fichier-image-introuvable,868usb,"[""868 usb""]"
868_90.png,.png,86890,aucune,fichier-image-introuvable,86890,"[""868/90""]"
9010.  #1,.png,9010,aucune,fichier-image-introuvable,9010,"[""9010""]"
9010.  #2,.jpg,9010,aucune,fichier-image-introuvable,9010,"[""9010""]"
9010.  #3,.jpg,9010,aucune,fichier-image-introuvable,9010,"[""9010""]"
9010.  #4,.jpg,9010,aucune,fichier-image-introuvable,9010,"[""9010""]"
9115.  #1,.jpg,9115,aucune,fichier-image-introuvable,9115,"[""9115""]"
9115.  #2,.jpg,9115,aucune,fichier-image-introuvable,9115,"[""9115""]"
9115.  #3,.jpg,9115,aucune,fichier-image-introuvable,9115,"[""9115""]"
9115.  #4,.jpg,9115,aucune,fichier-image-introuvable,9115,"[""9115""]"
920.jpg,.jpg,920,aucune,fichier-image-introuvable,920,"[""920""]"
952.png,.png,952,aucune,fichier-image-introuvable,952,"[""952""]"
9830.  #1,.png,9830,aucune,fichier-image-introuvable,9830,"[""9830""]"
9830.  #2,.png,9830,aucune,fichier-image-introuvable,9830,"[""9830""]"
9830.  #3,.png,9830,aucune,fichier-image-introuvable,9830,"[""9830""]"
9830.  #4,.png,9830,aucune,fichier-image-introuvable,9830,"[""9830""]"
9831.   #1,.png,9831,aucune,fichier-image-introuvable,9831,"[""9831""]"
9831.   #2,.png,9831,aucune,fichier-image-introuvable,9831,"[""9831""]"
9831.   #3,.png,9831,aucune,fichier-image-introuvable,9831,"[""9831""]"
9831.   #4,.png,9831,aucune,fichier-image-introuvable,9831,"[""9831""]"
999.jpg,.jpg,999,aucune,aucune-correspondance,999,"[""2597/98/99""]"
A 001.jpg,.jpg,a001,aucune,fichier-image-introuvable,a001,"[""A 001""]"
A 23.png,.png,a23,aucune,fichier-image-introuvable,a23,"[""A 23""]"
A 28_.png,.png,a28,aucune,fichier-image-introuvable,a28,"[""A 28""]"
A 29_.jpg,.jpg,a29,aucune,fichier-image-introuvable,a29,"[""A 29.""]"
A 30_.png,.png,a30,aucune,fichier-image-introuvable,a30,"[""A 30.""]"
A 38.png,.png,a38,aucune,fichier-image-introuvable,a38,"[""A 38""]"
A264.   #1,.png,a264,aucune,fichier-image-introuvable,a264,"[""A264""]"
A264.   #2,.png,a264,aucune,fichier-image-introuvable,a264,"[""A264""]"
A264.   #3,.png,a264,aucune,fichier-image-introuvable,a264,"[""A264""]"
A264.   #4,.png,a264,aucune,fichier-image-introuvable,a264,"[""A264""]"
B 4004.  #1,.png,b4004,aucune,fichier-image-introuvable,b4004,"[""B 4004""]"
B 4004.  #2,.jpg,b4004,aucune,fichier-image-introuvable,b4004,"[""B 4004""]"
B 4004.  #3,.jpg,b4004,aucune,fichier-image-introuvable,b4004,"[""B 4004""]"
B 4004.  #4,.jpg,b4004,aucune,fichier-image-introuvable,b4004,"[""B 4004""]"
B 4024.   #1,.png,b4024,aucune,fichier-image-introuvable,b4024,"[""B 4024""]"
B 4024.   #2,.jpg,b4024,aucune,fichier-image-introuvable,b4024,"[""B 4024""]"
B 4024.   #3,.jpg,b4024,aucune,fichier-image-introuvable,b4024,"[""B 4024""]"
B 4024.   #4,.jpg,b4024,aucune,fichier-image-introuvable,b4024,"[""B 4024""]"
B 4026.  #1,.jpg,b4026,aucune,fichier-image-introuvable,b4026,"[""B 4026""]"
B 4026.  #2,.jpg,b4026,aucune,fichier-image-introuvable,b4026,"[""B 4026""]"
B 4026.  #3,.png,b4026,aucune,fichier-image-introuvable,b4026,"[""B 4026""]"
B 4026.  #4,.jpg,b4026,aucune,fichier-image-introuvable,b4026,"[""B 4026""]"
C 919.jpg,.jpg,c919,aucune,fichier-image-introuvable,c919,"[""C 919""]"
c 922 A.jpg,.jpg,c922a,aucune,fichier-image-introuvable,c922a,"[""c 922 A""]"
c 926.png,.png,c926,aucune,fichier-image-introuvable,c926,"[""c 926""]"
C 932.png,.png,c932,aucune,fichier-image-introuvable,c932,"[""C 932""]"
C922.jpg,.jpg,c922,aucune,fichier-image-introuvable,c922,"[""c922""]"
cj 1323.png,.png,cj1323,aucune,fichier-image-introuvable,cj1323,"[""cj 1323""]"
cj 1359.png,.png,cj1359,aucune,fichier-image-introuvable,cj1359,"[""cj 1359""]"
cost 005.png,.png,cost005,aucune,fichier-image-introuvable,cost005,"[""cost 005""]"
CT 232.png,.png,ct232,aucune,fichier-image-introuvable,ct232,"[""CT 232""]"
d 004.  #1,.jpg,d004,aucune,fichier-image-introuvable,d004,"[""d 004""]"
d 004.  #2,.jpg,d004,aucune,fichier-image-introuvable,d004,"[""d 004""]"
d 004.  #3,.jpg,d004,aucune,fichier-image-introuvable,d004,"[""d 004""]"
d 004.  #4,.jpg,d004,aucune,fichier-image-introuvable,d004,"[""d 004""]"
d 205.   #1,.png,d205,aucune,ambigu,d205,"[""2450/2"", ""2455/2"", ""2882/2""]"
d 205.   #2,.jpg,d205,aucune,ambigu,d205,"[""2450/2"", ""2455/2"", ""2882/2""]"
d 205.   #3,.jpg,d205,aucune,ambigu,d205,"[""2450/2"", ""2455/2"", ""2882/2""]"
d 205.   #4,.jpg,d205,aucune,ambigu,d205,"[""2450/2"", ""2455/2"", ""2882/2""]"
d 206.   #1,.jpg,d206,aucune,ambigu,d206,"[""2450/2"", ""2455/2"", ""2882/2""]"
d 206.   #2,.png,d206,aucune,ambigu,d206,"[""2450/2"", ""2455/2"", ""2882/2""]"
d 206.   #3,.jpg,d206,aucune,ambigu,d206,"[""2450/2"", ""2455/2"", ""2882/2""]"
d 206.   #4,.jpg,d206,aucune,ambigu,d206,"[""2450/2"", ""2455/2"", ""2882/2""]"
d 224.  #1,.jpg,d224,aucune,fichier-image-introuvable,d224,"[""d 224""]"
d 224.  #2,.jpg,d224,aucune,fichier-image-introuvable,d224,"[""d 224""]"
d 224.  #3,.jpg,d224,aucune,fichier-image-introuvable,d224,"[""d 224""]"
d 224.  #4,.jpg,d224,aucune,fichier-image-introuvable,d224,"[""d 224""]"
d 233. #1,.jpg,d233,aucune,fichier-image-introuvable,233,"[""233""]"
d 233. #2,.jpg,d233,aucune,fichier-image-introuvable,233,"[""233""]"
d 233. #3,.jpg,d233,aucune,fichier-image-introuvable,233,"[""233""]"
d 233. #4,.jpg,d233,aucune,fichier-image-introuvable,233,"[""233""]"
D 9696_6 bk.  #1,.png,d96966bk,aucune,fichier-image-introuvable,d96966,"[""D 9696/6 bk""]"
D 9696_6 bk.  #2,.png,d96966bk,aucune,fichier-image-introuvable,d96966,"[""D 9696/6 bk""]"
D 9696_6 bk.  #3,.png,d96966bk,aucune,fichier-image-introuvable,d96966,"[""D 9696/6 bk""]"
D 9696_6 bk.  #4,.png,d96966bk,aucune,fichier-image-introuvable,d96966,"[""D 9696/6 bk""]"
D 9696_6 GD.  #1,.jpg,d96966gd,aucune,fichier-image-introuvable,d96966gd,"[""D 9696/6 GD""]"
D 9696_6 GD.  #2,.jpg,d96966gd,aucune,fichier-image-introuvable,d96966gd,"[""D 9696/6 GD""]"
D 9696_6 GD.  #3,.jpg,d96966gd,aucune,fichier-image-introuvable,d96966gd,"[""D 9696/6 GD""]"
D 9696_6 GD.  #4,.jpg,d96966gd,aucune,fichier-image-introuvable,d96966gd,"[""D 9696/6 GD""]"
D 9710_3.    #1,.jpg,d97103,aucune,fichier-image-introuvable,d97103,"[""D 9710/3""]"
D 9710_3.    #2,.jpg,d97103,aucune,fichier-image-introuvable,d97103,"[""D 9710/3""]"
D 9710_3.    #3,.jpg,d97103,aucune,fichier-image-introuvable,d97103,"[""D 9710/3""]"
D 9710_3.    #4,.jpg,d97103,aucune,fichier-image-introuvable,d97103,"[""D 9710/3""]"
D 9795_10.   #1,.jpg,d979510,aucune,fichier-image-introuvable,d979510,"[""D 9795/10""]"
D 9795_10.   #2,.png,d979510,aucune,fichier-image-introuvable,d979510,"[""D 9795/10""]"
D 9795_10.   #3,.jpg,d979510,aucune,fichier-image-introuvable,d979510,"[""D 9795/10""]"
D 9795_10.   #4,.jpg,d979510,aucune,fichier-image-introuvable,d979510,"[""D 9795/10""]"
D 9901.    #1,.jpg,d9901,aucune,ambigu,d9901,"[""2597/98/99"", ""D 9901"", ""d 9901""]"
D 9901.    #2,.jpg,d9901,aucune,ambigu,d9901,"[""2597/98/99"", ""D 9901"", ""d 9901""]"
D 9901.    #3,.jpg,d9901,aucune,ambigu,d9901,"[""2597/98/99"", ""D 9901"", ""d 9901""]"
D 9901.    #4,.jpg,d9901,aucune,ambigu,d9901,"[""2597/98/99"", ""D 9901"", ""d 9901""]"
d 9901.   #1,.png,d9901,aucune,ambigu,d9901,"[""2597/98/99"", ""D 9901"", ""d 9901""]"
d 9901.   #2,.jpg,d9901,aucune,ambigu,d9901,"[""2597/98/99"", ""D 9901"", ""d 9901""]"
d 9901.   #3,.jpg,d9901,aucune,ambigu,d9901,"[""2597/98/99"", ""D 9901"", ""d 9901""]"
d 9901.   #4,.jpg,d9901,aucune,ambigu,d9901,"[""2597/98/99"", ""D 9901"", ""d 9901""]"
d006. #1,.png,d006,aucune,fichier-image-introuvable,d006,"[""d006""]"
d006. #2,.png,d006,aucune,fichier-image-introuvable,d006,"[""d006""]"
d006. #3,.jpg,d006,aucune,fichier-image-introuvable,d006,"[""d006""]"
d006. #4,.jpg,d006,aucune,fichier-image-introuvable,d006,"[""d006""]"
D9688.  #1,.jpg,d9688,aucune,fichier-image-introuvable,d9688,"[""D9688""]"
D9688.  #2,.jpg,d9688,aucune,fichier-image-introuvable,d9688,"[""D9688""]"
D9688.  #3,.jpg,d9688,aucune,fichier-image-introuvable,d9688,"[""D9688""]"
D9688.  #4,.jpg,d9688,aucune,fichier-image-introuvable,d9688,"[""D9688""]"
Flower 1 ( red).jpg,.jpg,flower1red,aucune,ambigu,flower1,"[""11813/1 GD"", ""11813/1 bk"", ""2450/1"", ""2455/1"", ""2882/1"", ""Flower 1"", ""flower 1""]"
Flower 1 (green).jpg,.jpg,flower1green,aucune,ambigu,flower1,"[""11813/1 GD"", ""11813/1 bk"", ""2450/1"", ""2455/1"", ""2882/1"", ""Flower 1"", ""flower 1""]"
Flower 1 (light blue).jpg,.jpg,flower1lightblue,aucune,ambigu,flower1light,"[""11813/1 GD"", ""11813/1 bk"", ""2450/1"", ""2455/1"", ""2882/1"", ""Flower 1"", ""flower 1""]"
flower 1 (transparent).jpg,.jpg,flower1transparent,aucune,ambigu,flower1,"[""11813/1 GD"", ""11813/1 bk"", ""2450/1"", ""2455/1"", ""2882/1"", ""Flower 1"", ""flower 1""]"
flower 1 (white).jpg,.jpg,flower1white,aucune,ambigu,flower1,"[""11813/1 GD"", ""11813/1 bk"", ""2450/1"", ""2455/1"", ""2882/1"", ""Flower 1"", ""flower 1""]"
flower 1.  (Blue).jpg,.jpg,flower1blue,aucune,ambigu,flower1,"[""11813/1 GD"", ""11813/1 bk"", ""2450/1"", ""2455/1"", ""2882/1"", ""Flower 1"", ""flower 1""]"
flower 1. (Purple).jpg,.jpg,flower1purple,aucune,ambigu,flower1,"[""11813/1 GD"", ""11813/1 bk"", ""2450/1"", ""2455/1"", ""2882/1"", ""Flower 1"", ""flower 1""]"
flower 1.(yellow).jpg,.jpg,flower1yellow,aucune,ambigu,flower1,"[""11813/1 GD"", ""11813/1 bk"", ""2450/1"", ""2455/1"", ""2882/1"", ""Flower 1"", ""flower 1""]"
flower 2 (blue).jpg,.jpg,flower2blue,aucune,fichier-image-introuvable,flower2,"[""flower 2""]"
flower 2 (light blue ).jpg,.jpg,flower2lightblue,aucune,ambigu,flower2light,"[""2450/2"", ""2455/2"", ""2624/2-1-2"", ""2626/2-1-2"", ""2628/2-1-2"", ""2724/2-1-2"", ""2726/2-1-2"", ""2728/2-1-2"", ""2736/2-1-2"", ""2757/2-1-2""]"
flower 2 (purple).jpg,.jpg,flower2purple,aucune,fichier-image-introuvable,flower2,"[""flower 2""]"
flower 2 (red).jpg,.jpg,flower2red,aucune,fichier-image-introuvable,flower2,"[""flower 2""]"
flower 2 (transparent ).jpg,.jpg,flower2transparent,aucune,fichier-image-introuvable,flower2,"[""flower 2""]"
flower 2 (yellow).jpg,.jpg,flower2yellow,aucune,fichier-image-introuvable,flower2,"[""flower 2""]"
flower 2.  (Green).jpg,.jpg,flower2green,aucune,fichier-image-introuvable,flower2,"[""flower 2""]"
Flower 3 ( red).jpg,.jpg,flower3red,aucune,ambigu,flower3,"[""12063/3 LED"", ""2128/3-1-2-3"", ""2447/3-1-2-3"", ""2450/3"", ""2450/3-1-2-3"", ""2455/3"", ""2455/3-1-2-3"", ""2458/3-1-2-3"", ""2484/3-1-2-3"", ""2549/3-1""]"
Flower 3 (green).jpg,.jpg,flower3green,aucune,ambigu,flower3,"[""12063/3 LED"", ""2128/3-1-2-3"", ""2447/3-1-2-3"", ""2450/3"", ""2450/3-1-2-3"", ""2455/3"", ""2455/3-1-2-3"", ""2458/3-1-2-3"", ""2484/3-1-2-3"", ""2549/3-1""]"
Flower 3 (light blue).jpg,.jpg,flower3lightblue,aucune,ambigu,flower3light,"[""12063/3 LED"", ""2128/3-1-2-3"", ""2447/3-1-2-3"", ""2450/3"", ""2450/3-1-2-3"", ""2455/3"", ""2455/3-1-2-3"", ""2458/3-1-2-3"", ""2484/3-1-2-3"", ""2549/3-1""]"
Flower 3 (purple)(1).jpg,.jpg,flower3purple1,aucune,ambigu,flower31,"[""12063/3 LED"", ""2128/3-1-2-3"", ""2447/3-1-2-3"", ""2450/3"", ""2450/3-1-2-3"", ""2455/3"", ""2455/3-1-2-3"", ""2458/3-1-2-3"", ""2484/3-1-2-3"", ""2549/3-1""]"
Flower 3 (purple).jpg,.jpg,flower3purple,aucune,ambigu,flower3,"[""12063/3 LED"", ""2128/3-1-2-3"", ""2447/3-1-2-3"", ""2450/3"", ""2450/3-1-2-3"", ""2455/3"", ""2455/3-1-2-3"", ""2458/3-1-2-3"", ""2484/3-1-2-3"", ""2549/3-1""]"
Flower 3 (transparent)_.jpg,.jpg,flower3transparent,aucune,ambigu,flower3,"[""12063/3 LED"", ""2128/3-1-2-3"", ""2447/3-1-2-3"", ""2450/3"", ""2450/3-1-2-3"", ""2455/3"", ""2455/3-1-2-3"", ""2458/3-1-2-3"", ""2484/3-1-2-3"", ""2549/3-1""]"
flower 3 (yellow).jpg,.jpg,flower3yellow,aucune,ambigu,flower3,"[""12063/3 LED"", ""2128/3-1-2-3"", ""2447/3-1-2-3"", ""2450/3"", ""2450/3-1-2-3"", ""2455/3"", ""2455/3-1-2-3"", ""2458/3-1-2-3"", ""2484/3-1-2-3"", ""2549/3-1""]"
flower 3.  (White).jpg,.jpg,flower3white,aucune,ambigu,flower3,"[""12063/3 LED"", ""2128/3-1-2-3"", ""2447/3-1-2-3"", ""2450/3"", ""2450/3-1-2-3"", ""2455/3"", ""2455/3-1-2-3"", ""2458/3-1-2-3"", ""2484/3-1-2-3"", ""2549/3-1""]"
Flower 3. (Blue).jpg,.jpg,flower3blue,aucune,ambigu,flower3,"[""12063/3 LED"", ""2128/3-1-2-3"", ""2447/3-1-2-3"", ""2450/3"", ""2450/3-1-2-3"", ""2455/3"", ""2455/3-1-2-3"", ""2458/3-1-2-3"", ""2484/3-1-2-3"", ""2549/3-1""]"
H 2017-1.png,.png,h20171,aucune,fichier-image-introuvable,h20171,"[""H 2017-1""]"
H 784.png,.png,h784,aucune,fichier-image-introuvable,h784,"[""H 784""]"
h788-1.png,.png,h7881,aucune,fichier-image-introuvable,h7881,"[""h788-1""]"
HX 410.png,.png,hx410,aucune,fichier-image-introuvable,hx410,"[""HX 410""]"
id 15.png,.png,id15,aucune,fichier-image-introuvable,id15,"[""id 15""]"
ID 21.png,.png,id21,aucune,fichier-image-introuvable,id21,"[""ID 21""]"
ID-17.png,.png,id17,aucune,fichier-image-introuvable,id17,"[""ID-17""]"
ID-18.png,.png,id18,aucune,fichier-image-introuvable,id18,"[""ID-18""]"
IMG_2412.PNG,.jpg,img2412,aucune,aucune-correspondance,img2412,[]
JS 094_.png,.png,js094,aucune,fichier-image-introuvable,js094,"[""JS 094.""]"
JS 095_.png,.png,js095,aucune,fichier-image-introuvable,js095,"[""JS 095.""]"
js 28 A.png,.png,js28a,aucune,fichier-image-introuvable,js28a,"[""js 28 A""]"
js 32 B.png,.png,js32b,aucune,fichier-image-introuvable,js32b,"[""js 32 B""]"
kd 022.jpg,.jpg,kd022,aucune,fichier-image-introuvable,kd022,"[""kd 022""]"
kd 159.png,.png,kd159,aucune,fichier-image-introuvable,kd159,"[""kd 159""]"
kd 160.png,.png,kd160,aucune,fichier-image-introuvable,kd160,"[""kd 160""]"
kd 247.png,.png,kd247,aucune,fichier-image-introuvable,kd247,"[""kd 247""]"
L 002_6. #1,.png,l0026,aucune,fichier-image-introuvable,l0026,"[""L 002/6""]"
L 002_6. #2,.jpg,l0026,aucune,fichier-image-introuvable,l0026,"[""L 002/6""]"
L 002_6. #3,.jpg,l0026,aucune,fichier-image-introuvable,l0026,"[""L 002/6""]"
L 002_6. #4,.jpg,l0026,aucune,fichier-image-introuvable,l0026,"[""L 002/6""]"
L 2258_grey.   #1,.jpg,l2258grey,aucune,ambigu,l2258,"[""2450/2"", ""2455/2"", ""2760/2-2"", ""2831/2-2"", ""2833/2-2"", ""2882/2"", ""8274/2-2"", ""8420/2-2"", ""L 2258"", ""L2258""]"
L 2258_grey.   #2,.png,l2258grey,aucune,ambigu,l2258,"[""2450/2"", ""2455/2"", ""2760/2-2"", ""2831/2-2"", ""2833/2-2"", ""2882/2"", ""8274/2-2"", ""8420/2-2"", ""L 2258"", ""L2258""]"
L 2258_grey.   #3,.jpg,l2258grey,aucune,ambigu,l2258,"[""2450/2"", ""2455/2"", ""2760/2-2"", ""2831/2-2"", ""2833/2-2"", ""2882/2"", ""8274/2-2"", ""8420/2-2"", ""L 2258"", ""L2258""]"
L 2258_grey.   #4,.jpg,l2258grey,aucune,ambigu,l2258,"[""2450/2"", ""2455/2"", ""2760/2-2"", ""2831/2-2"", ""2833/2-2"", ""2882/2"", ""8274/2-2"", ""8420/2-2"", ""L 2258"", ""L2258""]"
L007_12.  #1,.png,l00712,aucune,fichier-image-introuvable,l00712,"[""L007/12""]"
L007_12.  #2,.jpg,l00712,aucune,fichier-image-introuvable,l00712,"[""L007/12""]"
L007_12.  #3,.jpg,l00712,aucune,fichier-image-introuvable,l00712,"[""L007/12""]"
L007_12.  #4,.jpg,l00712,aucune,fichier-image-introuvable,l00712,"[""L007/12""]"
L2258_white.    #1,.jpg,l2258white,aucune,ambigu,l2258,"[""2450/2"", ""2455/2"", ""2760/2-2"", ""2831/2-2"", ""2833/2-2"", ""2882/2"", ""8274/2-2"", ""8420/2-2"", ""L 2258"", ""L2258""]"
L2258_white.    #2,.jpg,l2258white,aucune,ambigu,l2258,"[""2450/2"", ""2455/2"", ""2760/2-2"", ""2831/2-2"", ""2833/2-2"", ""2882/2"", ""8274/2-2"", ""8420/2-2"", ""L 2258"", ""L2258""]"
L2258_white.    #3,.jpg,l2258white,aucune,ambigu,l2258,"[""2450/2"", ""2455/2"", ""2760/2-2"", ""2831/2-2"", ""2833/2-2"", ""2882/2"", ""8274/2-2"", ""8420/2-2"", ""L 2258"", ""L2258""]"
L2258_white.    #4,.jpg,l2258white,aucune,ambigu,l2258,"[""2450/2"", ""2455/2"", ""2760/2-2"", ""2831/2-2"", ""2833/2-2"", ""2882/2"", ""8274/2-2"", ""8420/2-2"", ""L 2258"", ""L2258""]"
LO19_6.  #1,.png,lo196,aucune,aucune-correspondance,lo196,[]
LO19_6.  #2,.png,lo196,aucune,aucune-correspondance,lo196,[]
LO19_6.  #3,.png,lo196,aucune,aucune-correspondance,lo196,[]
LO19_6.  #4,.png,lo196,aucune,aucune-correspondance,lo196,[]
LO21_5.  #1,.png,lo215,aucune,ambigu,lo215,"[""3119/20/21"", ""ID 21""]"
LO21_5.  #2,.png,lo215,aucune,ambigu,lo215,"[""3119/20/21"", ""ID 21""]"
LO21_5.  #3,.png,lo215,aucune,ambigu,lo215,"[""3119/20/21"", ""ID 21""]"
LO21_5.  #4,.png,lo215,aucune,ambigu,lo215,"[""3119/20/21"", ""ID 21""]"
LO28_6.  #1,.png,lo286,aucune,ambigu,lo286,"[""A 28"", ""js 28 A""]"
LO28_6.  #2,.jpg,lo286,aucune,ambigu,lo286,"[""A 28"", ""js 28 A""]"
LO28_6.  #3,.jpg,lo286,aucune,ambigu,lo286,"[""A 28"", ""js 28 A""]"
LO28_6.  #4,.jpg,lo286,aucune,ambigu,lo286,"[""A 28"", ""js 28 A""]"
Lustre 5969 #1.png,.png,lustre5969,aucune,fichier-image-introuvable,lustre5969,"[""5969""]"
Lustre 5969 #2.png,.png,lustre5969,aucune,fichier-image-introuvable,lustre5969,"[""5969""]"
Lustre 5969 #3.png,.png,lustre5969,aucune,fichier-image-introuvable,lustre5969,"[""5969""]"
Lustre 5969 #4.png,.png,lustre5969,aucune,fichier-image-introuvable,lustre5969,"[""5969""]"
MX 25-16 A.  #1,.jpg,mx2516a,aucune,fichier-image-introuvable,mx2516a,"[""MX 25-16 A""]"
MX 25-16 A.  #2,.jpg,mx2516a,aucune,fichier-image-introuvable,mx2516a,"[""MX 25-16 A""]"
MX 25-16 A.  #3,.jpg,mx2516a,aucune,fichier-image-introuvable,mx2516a,"[""MX 25-16 A""]"
MX 25-16 A.  #4,.jpg,mx2516a,aucune,fichier-image-introuvable,mx2516a,"[""MX 25-16 A""]"
MX 25-16.   #1,.jpg,mx2516,aucune,fichier-image-introuvable,mx2516,"[""MX 25-16""]"
MX 25-16.   #2,.jpg,mx2516,aucune,fichier-image-introuvable,mx2516,"[""MX 25-16""]"
MX 25-16.   #3,.jpg,mx2516,aucune,fichier-image-introuvable,mx2516,"[""MX 25-16""]"
MX 25-16.   #4,.jpg,mx2516,aucune,fichier-image-introuvable,mx2516,"[""MX 25-16""]"
MX 65_6.  #1,.jpg,mx656,aucune,fichier-image-introuvable,mx656,"[""MX 65/6""]"
MX 65_6.  #2,.png,mx656,aucune,fichier-image-introuvable,mx656,"[""MX 65/6""]"
MX 65_6.  #3,.png,mx656,aucune,fichier-image-introuvable,mx656,"[""MX 65/6""]"
MX 65_6.  #4,.jpg,mx656,aucune,fichier-image-introuvable,mx656,"[""MX 65/6""]"
P 8078_50.  #1,.jpg,p807850,aucune,fichier-image-introuvable,p807850,"[""P 8078/50""]"
P 8078_50.  #2,.jpg,p807850,aucune,fichier-image-introuvable,p807850,"[""P 8078/50""]"
P 8078_50.  #3,.jpg,p807850,aucune,fichier-image-introuvable,p807850,"[""P 8078/50""]"
P 8078_50.  #4,.jpg,p807850,aucune,fichier-image-introuvable,p807850,"[""P 8078/50""]"
P 8078_60.  #1,.png,p807860,aucune,fichier-image-introuvable,p807860,"[""P 8078/60""]"
P 8078_60.  #2,.png,p807860,aucune,fichier-image-introuvable,p807860,"[""P 8078/60""]"
P 8078_60.  #3,.png,p807860,aucune,fichier-image-introuvable,p807860,"[""P 8078/60""]"
P 8078_60.  #4,.png,p807860,aucune,fichier-image-introuvable,p807860,"[""P 8078/60""]"
P 8078_80.   #1,.png,p807880,aucune,fichier-image-introuvable,p807880,"[""P 8078/80""]"
P 8078_80.   #2,.jpg,p807880,aucune,fichier-image-introuvable,p807880,"[""P 8078/80""]"
P 8078_80.   #3,.jpg,p807880,aucune,fichier-image-introuvable,p807880,"[""P 8078/80""]"
P 8078_80.   #4,.jpg,p807880,aucune,fichier-image-introuvable,p807880,"[""P 8078/80""]"
ref 2329.jpg,.jpg,ref2329,aucune,fichier-image-introuvable,ref2329,"[""2329""]"
ref 2672.png,.png,ref2672,aucune,fichier-image-introuvable,ref2672,"[""ref 2672""]"
rim 13.png,.png,rim13,aucune,fichier-image-introuvable,rim13,"[""rim 13""]"
rim 333.png,.png,rim333,aucune,fichier-image-introuvable,rim333,"[""rim 333""]"
rim 54.jpg,.jpg,rim54,aucune,fichier-image-introuvable,rim54,"[""rim 54""]"
Rim 55.jpg,.jpg,rim55,aucune,aucune-correspondance,rim55,"[""8338/55""]"
Rim 59.png,.png,rim59,aucune,fichier-image-introuvable,rim59,"[""rim 59""]"
rim 63.jpg,.jpg,rim63,aucune,fichier-image-introuvable,rim63,"[""rim 63""]"
rim002 (bège).jpg,.jpg,rim002bege,aucune,fichier-image-introuvable,rim002bege,"[""rim002""]"
rim002 (transparent ).jpg,.jpg,rim002transparent,aucune,fichier-image-introuvable,rim002,"[""rim002""]"
RL 9270 M.    #1,.png,rl9270m,aucune,fichier-image-introuvable,rl9270m,"[""RL 9270 M""]"
RL 9270 M.    #2,.png,rl9270m,aucune,fichier-image-introuvable,rl9270m,"[""RL 9270 M""]"
RL 9270 M.    #3,.png,rl9270m,aucune,fichier-image-introuvable,rl9270m,"[""RL 9270 M""]"
RL 9270 M.    #4,.png,rl9270m,aucune,fichier-image-introuvable,rl9270m,"[""RL 9270 M""]"
RT 9227_A.    #1,.jpg,rt9227a,aucune,fichier-image-introuvable,rt9227a,"[""RT 9227_A""]"
RT 9227_A.    #2,.jpg,rt9227a,aucune,fichier-image-introuvable,rt9227a,"[""RT 9227_A""]"
RT 9227_A.    #3,.jpg,rt9227a,aucune,fichier-image-introuvable,rt9227a,"[""RT 9227_A""]"
RT 9227_A.    #4,.jpg,rt9227a,aucune,fichier-image-introuvable,rt9227a,"[""RT 9227_A""]"
RT 9272-B.    #1,.jpg,rt9272b,aucune,fichier-image-introuvable,rt9272b,"[""RT 9272-B""]"
RT 9272-B.    #2,.jpg,rt9272b,aucune,fichier-image-introuvable,rt9272b,"[""RT 9272-B""]"
RT 9272-B.    #3,.jpg,rt9272b,aucune,fichier-image-introuvable,rt9272b,"[""RT 9272-B""]"
RT 9272-B.    #4,.jpg,rt9272b,aucune,fichier-image-introuvable,rt9272b,"[""RT 9272-B""]"
SC 11904.jpg,.jpg,sc11904,aucune,fichier-image-introuvable,sc11904,"[""SC 11904""]"
SC 126.png,.png,sc126,aucune,fichier-image-introuvable,sc126,"[""SC 126""]"
SC 149(1).png,.png,sc1491,aucune,ambigu,sc1491,"[""149"", ""SC 149""]"
SC 149.png,.png,sc149,aucune,fichier-image-introuvable,sc149,"[""SC 149""]"
SC 150.png,.png,sc150,aucune,fichier-image-introuvable,sc150,"[""SC 150""]"
SC 150_.png,.png,sc150,aucune,fichier-image-introuvable,sc150,"[""SC 150""]"
SR 1167_65   #1.png,.png,sr116765,aucune,fichier-image-introuvable,sr116765,"[""SR 1167/65""]"
SR 1167_65   #2.png,.png,sr116765,aucune,fichier-image-introuvable,sr116765,"[""SR 1167/65""]"
SR 1167_65   #3.png,.png,sr116765,aucune,fichier-image-introuvable,sr116765,"[""SR 1167/65""]"
SR 1167_65   #4.png,.png,sr116765,aucune,fichier-image-introuvable,sr116765,"[""SR 1167/65""]"
SR 4013_60 or SR 4013_80 #1.png,.png,sr401360orsr401380,aucune,ambigu,sr401360sr401380,"[""25209/4"", ""3029/40"", ""3381/40"", ""3439/40"", ""7001/40"", ""7301/40"", ""9028/40""]"
SR 4013_60 or SR 4013_80 #2.png,.png,sr401360orsr401380,aucune,ambigu,sr401360sr401380,"[""25209/4"", ""3029/40"", ""3381/40"", ""3439/40"", ""7001/40"", ""7301/40"", ""9028/40""]"
SR 4013_60 or SR 4013_80 #3.png,.png,sr401360orsr401380,aucune,ambigu,sr401360sr401380,"[""25209/4"", ""3029/40"", ""3381/40"", ""3439/40"", ""7001/40"", ""7301/40"", ""9028/40""]"
SR 4013_60 or SR 4013_80 #4.png,.png,sr401360orsr401380,aucune,ambigu,sr401360sr401380,"[""25209/4"", ""3029/40"", ""3381/40"", ""3439/40"", ""7001/40"", ""7301/40"", ""9028/40""]"
SS 016.png,.png,ss016,aucune,fichier-image-introuvable,ss016,"[""SS 016""]"
ST 045.png,.png,st045,aucune,fichier-image-introuvable,st045,"[""ST 045""]"
T 2203_black   #1.png,.png,t2203black,aucune,fichier-image-introuvable,t2203,"[""T 2203""]"
T 2203_black   #2.png,.png,t2203black,aucune,fichier-image-introuvable,t2203,"[""T 2203""]"
T 2203_black  #3.png,.png,t2203black,aucune,fichier-image-introuvable,t2203,"[""T 2203""]"
T 2203_black  #4.png,.png,t2203black,aucune,fichier-image-introuvable,t2203,"[""T 2203""]"
T 2203_white.  #1,.png,t2203white,aucune,fichier-image-introuvable,t2203,"[""T 2203""]"
T 2203_white.  #2,.png,t2203white,aucune,fichier-image-introuvable,t2203,"[""T 2203""]"
T 2203_white.  #3,.png,t2203white,aucune,fichier-image-introuvable,t2203,"[""T 2203""]"
T 2203_white.  #4,.png,t2203white,aucune,fichier-image-introuvable,t2203,"[""T 2203""]"
T 2258_white.  #1,.png,t2258white,aucune,ambigu,t2258,"[""2450/2"", ""2455/2"", ""2760/2-2"", ""2831/2-2"", ""2833/2-2"", ""2882/2"", ""8274/2-2"", ""8420/2-2"", ""L 2258"", ""L2258""]"
T 2258_white.  #2,.png,t2258white,aucune,ambigu,t2258,"[""2450/2"", ""2455/2"", ""2760/2-2"", ""2831/2-2"", ""2833/2-2"", ""2882/2"", ""8274/2-2"", ""8420/2-2"", ""L 2258"", ""L2258""]"
T 2258_white.  #3,.png,t2258white,aucune,ambigu,t2258,"[""2450/2"", ""2455/2"", ""2760/2-2"", ""2831/2-2"", ""2833/2-2"", ""2882/2"", ""8274/2-2"", ""8420/2-2"", ""L 2258"", ""L2258""]"
T 2258_white.  #4,.png,t2258white,aucune,ambigu,t2258,"[""2450/2"", ""2455/2"", ""2760/2-2"", ""2831/2-2"", ""2833/2-2"", ""2882/2"", ""8274/2-2"", ""8420/2-2"", ""L 2258"", ""L2258""]"
T2258_black.   #1,.png,t2258black,aucune,ambigu,t2258,"[""2450/2"", ""2455/2"", ""2760/2-2"", ""2831/2-2"", ""2833/2-2"", ""2882/2"", ""8274/2-2"", ""8420/2-2"", ""L 2258"", ""L2258""]"
T2258_black.   #2,.png,t2258black,aucune,ambigu,t2258,"[""2450/2"", ""2455/2"", ""2760/2-2"", ""2831/2-2"", ""2833/2-2"", ""2882/2"", ""8274/2-2"", ""8420/2-2"", ""L 2258"", ""L2258""]"
T2258_black.   #3,.png,t2258black,aucune,ambigu,t2258,"[""2450/2"", ""2455/2"", ""2760/2-2"", ""2831/2-2"", ""2833/2-2"", ""2882/2"", ""8274/2-2"", ""8420/2-2"", ""L 2258"", ""L2258""]"
T2258_black.   #4,.png,t2258black,aucune,ambigu,t2258,"[""2450/2"", ""2455/2"", ""2760/2-2"", ""2831/2-2"", ""2833/2-2"", ""2882/2"", ""8274/2-2"", ""8420/2-2"", ""L 2258"", ""L2258""]"
Unknown.jpg,.jpg,unknown,aucune,aucune-correspondance,unknown,[]
Unknown_.png,.png,unknown,aucune,aucune-correspondance,unknown,[]
