original_name,detected_extension,matched_reference,match_method,reason
077_.png,.png,077.,exact-normalise,"Correspondance produit trouvée, mais fichier image introuvable dans le dossier destination"
09865_9R.  #1,.png,09865/9R,exact-normalise,"Correspondance produit trouvée, mais fichier image introuvable dans le dossier destination"
09865_9R.  #2,.png,09865/9R,exact-normalise,"Correspondance produit trouvée, mais fichier image introuvable dans le dossier destination"
09865_9R.  #3,.png,09865/9R,exact-normalise,"Correspondance produit trouvée, mais fichier image introuvable dans le dossier destination"
09865_9R.  #4,.png,09865/9R,exact-normalise,"Correspondance produit trouvée, mais fichier image introuvable dans le dossier destination"
118.png,.png,118,exact-normalise,"Correspondance produit trouvée, mais fichier image introuvable dans le dossier destination"
11813_1 bk. #1,.jpg,11813/1 bk,exact-normalise,"Correspondance produit trouvée, mais fichier image introuvable dans le dossier destination"
11813_1 bk. #2,.jpg,11813/1 bk,exact-normalise,"Correspondance produit trouvée, mais fichier image introuvable dans le dossier destination"
11813_1 bk. #3,.jpg,11813/1 bk,exact-normalise,"Correspondance produit trouvée, mais fichier image introuvable dans le dossier destination"
11813_1 bk. #4,.jpg,11813/1 bk,exact-normalise,"Correspondance produit trouvée, mais fichier image introuvable dans le dossier destination"
12209.    #1,.jpg,12209,exact-normalise,"Correspondance produit trouvée, mais fichier image introuvable dans le dossier destination"
12209.    #2,.jpg,12209,exact-normalise,"Correspondance produit trouvée, mais fichier image introuvable dans le dossier destination"
12209.    #3,.jpg,12209,exact-normalise,"Correspondance produit trouvée, mais fichier image introuvable dans le dossier destination"
12209.    #4,.jpg,12209,exact-normalise,"Correspondance produit trouvée, mais fichier image introuvable dans le dossier destination"
131.png,.png,131,exact-normalise,"Correspondance produit trouvée, mais fichier image introuvable dans le dossier destination"
1701.  #1,.jpg,1701,exact-normalise,"Correspondance produit trouvée, mais fichier image introuvable dans le dossier destination"
1701.  #2,.jpg,1701,exact-normalise,"Correspondance produit trouvée, mais fichier image introuvable dans le dossier destination"
1701.  #3,.jpg,1701,exact-normalise,"Correspondance produit trouvée, mais fichier image introuvable dans le dossier destination"
1701.  #4,.jpg,1701,exact-normalise,"Correspondance produit trouvée, mais fichier image introuvable dans le dossier destination"
171_90.jpg,.jpg,171/90,exact-normalise,"Correspondance produit trouvée, mais fichier image introuvable dans le dossier destination"
173_.jpg,.jpg,173.,exact-normalise,"Correspondance produit trouvée, mais fichier image introuvable dans le dossier destination"
2026 F   #1.png,.png,2026 F,exact-normalise,"Correspondance produit trouvée, mais fichier image introuvable dans le dossier destination"
2026 F   #2.png,.png,2026 F,exact-normalise,"Correspondance produit trouvée, mais fichier image introuvable dans le dossier destination"
2026 F   #3.png,.png,2026 F,exact-normalise,"Correspondance produit trouvée, mais fichier image introuvable dans le dossier destination"
2026 F   #4.png,.png,2026 F,exact-normalise,"Correspondance produit trouvée, mais fichier image introuvable dans le dossier destination"
2101_.png,.png,2101.,exact-normalise,"Correspondance produit trouvée, mais fichier image introuvable dans le dossier destination"
2128_3-1-2-3.jpg,.jpg,2128/3-1-2-3,exact-normalise,"Correspondance produit trouvée, mais fichier image introuvable dans le dossier destination"
21804.png,.png,21804,exact-normalise,"Correspondance produit trouvée, mais fichier image introuvable dans le dossier destination"
222.png,.png,222,exact-normalise,"Correspondance produit trouvée, mais fichier image introuvable dans le dossier destination"
2233_ grey and white. #1,.png,2233,exact-sans-couleur,"Correspondance produit trouvée, mais fichier image introuvable dans le dossier destination"
2233_ grey and white. #2,.png,2233,exact-sans-couleur,"Correspondance produit trouvée, mais fichier image introuvable dans le dossier destination"
2233_ grey and white. #3,.png,2233,exact-sans-couleur,"Correspondance produit trouvée, mais fichier image introuvable dans le dossier destination"
2233_ grey and white. #4,.png,2233,exact-sans-couleur,"Correspondance produit trouvée, mais fichier image introuvable dans le dossier destination"
2233_grey.   #1,.png,2233,exact-sans-couleur,"Correspondance produit trouvée, mais fichier image introuvable dans le dossier destination"
2233_grey.   #2,.png,2233,exact-sans-couleur,"Correspondance produit trouvée, mais fichier image introuvable dans le dossier destination"
2233_grey.   #3,.png,2233,exact-sans-couleur,"Correspondance produit trouvée, mais fichier image introuvable dans le dossier destination"
2233_grey.   #4,.png,2233,exact-sans-couleur,"Correspondance produit trouvée, mais fichier image introuvable dans le dossier destination"
2233_white.   #1,.png,2233,exact-sans-couleur,"Correspondance produit trouvée, mais fichier image introuvable dans le dossier destination"
2233_white.   #2,.png,2233,exact-sans-couleur,"Correspondance produit trouvée, mais fichier image introuvable dans le dossier destination"
2233_white.   #3,.png,2233,exact-sans-couleur,"Correspondance produit trouvée, mais fichier image introuvable dans le dossier destination"
2233_white.   #4,.png,2233,exact-sans-couleur,"Correspondance produit trouvée, mais fichier image introuvable dans le dossier destination"
2309.jpg,.jpg,2309,exact-normalise,"Correspondance produit trouvée, mais fichier image introuvable dans le dossier destination"
2310.png,.png,2310,exact-normalise,"Correspondance produit trouvée, mais fichier image introuvable dans le dossier destination"
2377.png,.png,2377,exact-normalise,"Correspondance produit trouvée, mais fichier image introuvable dans le dossier destination"
2408.png,.png,2408,exact-normalise,"Correspondance produit trouvée, mais fichier image introuvable dans le dossier destination"
2442.   #1,.jpg,2442,exact-normalise,"Correspondance produit trouvée, mais fichier image introuvable dans le dossier destination"
2442.   #2,.jpg,2442,exact-normalise,"Correspondance produit trouvée, mais fichier image introuvable dans le dossier destination"
2442.   #3,.jpg,2442,exact-normalise,"Correspondance produit trouvée, mais fichier image introuvable dans le dossier destination"
2442.   #4,.jpg,2442,exact-normalise,"Correspondance produit trouvée, mais fichier image introuvable dans le dossier destination"
2443.   #1,.jpg,2443,exact-normalise,"Correspondance produit trouvée, mais fichier image introuvable dans le dossier destination"
2443.   #2,.jpg,2443,exact-normalise,"Correspondance produit trouvée, mais fichier image introuvable dans le dossier destination"
2443.   #3,.jpg,2443,exact-normalise,"Correspondance produit trouvée, mais fichier image introuvable dans le dossier destination"
2443.   #4,.png,2443,exact-normalise,"Correspondance produit trouvée, mais fichier image introuvable dans le dossier destination"
2462 (purple).jpg,.jpg,2462,exact-sans-couleur,"Correspondance produit trouvée, mais fichier image introuvable dans le dossier destination"
2462 (yellow).jpg,.jpg,2462,exact-sans-couleur,"Correspondance produit trouvée, mais fichier image introuvable dans le dossier destination"
2503 (black).png,.png,2503,exact-sans-couleur,"Correspondance produit trouvée, mais fichier image introuvable dans le dossier destination"
2503 (white).jpg,.jpg,2503,exact-sans-couleur,"Correspondance produit trouvée, mais fichier image introuvable dans le dossier destination"
2557.jpg,.jpg,2557,exact-normalise,"Correspondance produit trouvée, mais fichier image introuvable dans le dossier destination"
2569.png,.png,2569,exact-normalise,"Correspondance produit trouvée, mais fichier image introuvable dans le dossier destination"
2570.jpg,.jpg,2570,exact-normalise,"Correspondance produit trouvée, mais fichier image introuvable dans le dossier destination"
2572.jpg,.jpg,2572,exact-normalise,"Correspondance produit trouvée, mais fichier image introuvable dans le dossier destination"
2587.jpg,.jpg,2587,exact-normalise,"Correspondance produit trouvée, mais fichier image introuvable dans le dossier destination"
2593.jpg,.jpg,2593,exact-normalise,"Correspondance produit trouvée, mais fichier image introuvable dans le dossier destination"
2594.jpg,.jpg,2594,exact-normalise,"Correspondance produit trouvée, mais fichier image introuvable dans le dossier destination"
2595.jpg,.jpg,2595,exact-normalise,"Correspondance produit trouvée, mais fichier image introuvable dans le dossier destination"
2597_98_99.jpg,.jpg,2597/98/99,exact-normalise,"Correspondance produit trouvée, mais fichier image introuvable dans le dossier destination"
2615_3-1-2-3.jpg,.jpg,2615/3-1-2-3,exact-normalise,"Correspondance produit trouvée, mais fichier image introuvable dans le dossier destination"
2626_2-1-2.png,.png,2626/2-1-2,exact-normalise,"Correspondance produit trouvée, mais fichier image introuvable dans le dossier destination"
2644.    #1,.png,2644,exact-normalise,"Correspondance produit trouvée, mais fichier image introuvable dans le dossier destination"
2644.    #2,.png,2644,exact-normalise,"Correspondance produit trouvée, mais fichier image introuvable dans le dossier destination"
2644.    #3,.png,2644,exact-normalise,"Correspondance produit trouvée, mais fichier image introuvable dans le dossier destination"
2644.    #4,.png,2644,exact-normalise,"Correspondance produit trouvée, mais fichier image introuvable dans le dossier destination"
2644.   #1,.jpg,2644,exact-normalise,"Correspondance produit trouvée, mais fichier image introuvable dans le dossier destination"
2644.   #2,.jpg,2644,exact-normalise,"Correspondance produit trouvée, mais fichier image introuvable dans le dossier destination"
2644.   #3,.jpg,2644,exact-normalise,"Correspondance produit trouvée, mais fichier image introuvable dans le dossier destination"
2644.   #4,.png,2644,exact-normalise,"Correspondance produit trouvée, mais fichier image introuvable dans le dossier destination"
2645.   #1,.png,2645,exact-normalise,"Correspondance produit trouvée, mais fichier image introuvable dans le dossier destination"
2645.   #2,.png,2645,exact-normalise,"Correspondance produit trouvée, mais fichier image introuvable dans le dossier destination"
2645.   #3,.png,2645,exact-normalise,"Correspondance produit trouvée, mais fichier image introuvable dans le dossier destination"
2645.   #4,.png,2645,exact-normalise,"Correspondance produit trouvée, mais fichier image introuvable dans le dossier destination"
2647.  #1,.jpg,2647,exact-normalise,"Correspondance produit trouvée, mais fichier image introuvable dans le dossier destination"
2647.  #2,.jpg,2647,exact-normalise,"Correspondance produit trouvée, mais fichier image introuvable dans le dossier destination"
2647.  #3,.jpg,2647,exact-normalise,"Correspondance produit trouvée, mais fichier image introuvable dans le dossier destination"
2647.  #4,.jpg,2647,exact-normalise,"Correspondance produit trouvée, mais fichier image introuvable dans le dossier destination"
2684.  #1,.jpg,2684,exact-normalise,"Correspondance produit trouvée, mais fichier image introuvable dans le dossier destination"
2684.  #2,.jpg,2684,exact-normalise,"Correspondance produit trouvée, mais fichier image introuvable dans le dossier destination"
2684.  #3,.jpg,2684,exact-normalise,"Correspondance produit trouvée, mais fichier image introuvable dans le dossier destination"
2684.  #4,.png,2684,exact-normalise,"Correspondance produit trouvée, mais fichier image introuvable dans le dossier destination"
2686.   #1,.jpg,2686,exact-normalise,"Correspondance produit trouvée, mais fichier image introuvable dans le dossier destination"
2686.   #2,.jpg,2686,exact-normalise,"Correspondance produit trouvée, mais fichier image introuvable dans le dossier destination"
2686.   #3,.jpg,2686,exact-normalise,"Correspondance produit trouvée, mais fichier image introuvable dans le dossier destination"
2686.   #4,.jpg,2686,exact-normalise,"Correspondance produit trouvée, mais fichier image introuvable dans le dossier destination"
2688.   #1,.jpg,2688,exact-normalise,"Correspondance produit trouvée, mais fichier image introuvable dans le dossier destination"
2688.   #2,.jpg,2688,exact-normalise,"Correspondance produit trouvée, mais fichier image introuvable dans le dossier destination"
2688.   #3,.jpg,2688,exact-normalise,"Correspondance produit trouvée, mais fichier image introuvable dans le dossier destination"
2688.   #4,.jpg,2688,exact-normalise,"Correspondance produit trouvée, mais fichier image introuvable dans le dossier destination"
269.jpg,.jpg,269.,exact-normalise,"Correspondance produit trouvée, mais fichier image introuvable dans le dossier destination"
269_.png,.png,269.,exact-normalise,"Correspondance produit trouvée, mais fichier image introuvable dans le dossier destination"
2701_02.jpg,.jpg,2701/02,exact-normalise,"Correspondance produit trouvée, mais fichier image introuvable dans le dossier destination"
2702_03.jpg,.jpg,2702/03,exact-normalise,"Correspondance produit trouvée, mais fichier image introuvable dans le dossier destination"
2707_08.jpg,.jpg,2707/08,exact-normalise,"Correspondance produit trouvée, mais fichier image introuvable dans le dossier destination"
2724_2-1-2.jpg,.jpg,2724/2-1-2,exact-normalise,"Correspondance produit trouvée, mais fichier image introuvable dans le dossier destination"
2726_2-1-2.jpg,.jpg,2726/2-1-2,exact-normalise,"Correspondance produit trouvée, mais fichier image introuvable dans le dossier destination"
2728_2-1-2.jpg,.jpg,2728/2-1-2,exact-normalise,"Correspondance produit trouvée, mais fichier image introuvable dans le dossier destination"
2729.jpg,.jpg,2729,exact-normalise,"Correspondance produit trouvée, mais fichier image introuvable dans le dossier destination"
2733(1).jpg,.jpg,2733,numero-principal-unique,"Correspondance produit trouvée, mais fichier image introuvable dans le dossier destination"
2733.jpg,.jpg,2733,exact-normalise,"Correspondance produit trouvée, mais fichier image introuvable dans le dossier destination"
2734.png,.png,2734,exact-normalise,"Correspondance produit trouvée, mais fichier image introuvable dans le dossier destination"
2738.png,.png,2738,exact-normalise,"Correspondance produit trouvée, mais fichier image introuvable dans le dossier destination"
2739.png,.png,2739,exact-normalise,"Correspondance produit trouvée, mais fichier image introuvable dans le dossier destination"
2740.   #1,.jpg,2740,exact-normalise,"Correspondance produit trouvée, mais fichier image introuvable dans le dossier destination"
2741.  #1,.jpg,2741,exact-normalise,"Correspondance produit trouvée, mais fichier image introuvable dans le dossier destination"
2741.  #2,.jpg,2741,exact-normalise,"Correspondance produit trouvée, mais fichier image introuvable dans le dossier destination"
2741.  #3,.png,2741,exact-normalise,"Correspondance produit trouvée, mais fichier image introuvable dans le dossier destination"
2741.  #4,.jpg,2741,exact-normalise,"Correspondance produit trouvée, mais fichier image introuvable dans le dossier destination"
2742.jpg,.jpg,2742,exact-normalise,"Correspondance produit trouvée, mais fichier image introuvable dans le dossier destination"
2746.   #1,.jpg,2746,exact-normalise,"Correspondance produit trouvée, mais fichier image introuvable dans le dossier destination"
2746.   #2,.jpg,2746,exact-normalise,"Correspondance produit trouvée, mais fichier image introuvable dans le dossier destination"
2746.   #3,.jpg,2746,exact-normalise,"Correspondance produit trouvée, mais fichier image introuvable dans le dossier destination"
2746.   #4,.jpg,2746,exact-normalise,"Correspondance produit trouvée, mais fichier image introuvable dans le dossier destination"
2747 (white and black).png,.png,2747,exact-sans-couleur,"Correspondance produit trouvée, mais fichier image introuvable dans le dossier destination"
2747.   #1,.png,2747,exact-normalise,"Correspondance produit trouvée, mais fichier image introuvable dans le dossier destination"
2747.   #2,.jpg,2747,exact-normalise,"Correspondance produit trouvée, mais fichier image introuvable dans le dossier destination"
2747.   #3,.png,2747,exact-normalise,"Correspondance produit trouvée, mais fichier image introuvable dans le dossier destination"
2747.   #4,.jpg,2747,exact-normalise,"Correspondance produit trouvée, mais fichier image introuvable dans le dossier destination"
2749.   #1,.png,2749,exact-normalise,"Correspondance produit trouvée, mais fichier image introuvable dans le dossier destination"
2749.jpg,.jpg,2749,exact-normalise,"Correspondance produit trouvée, mais fichier image introuvable dans le dossier destination"
2750.   #1,.png,2750,exact-normalise,"Correspondance produit trouvée, mais fichier image introuvable dans le dossier destination"
2750.   #2,.png,2750,exact-normalise,"Correspondance produit trouvée, mais fichier image introuvable dans le dossier destination"
2750.   #3,.png,2750,exact-normalise,"Correspondance produit trouvée, mais fichier image introuvable dans le dossier destination"
2750.   #4,.png,2750,exact-normalise,"Correspondance produit trouvée, mais fichier image introuvable dans le dossier destination"
2750.png,.png,2750,exact-normalise,"Correspondance produit trouvée, mais fichier image introuvable dans le dossier destination"
2754 (blue and green).jpg,.jpg,2754,exact-sans-couleur,"Correspondance produit trouvée, mais fichier image introuvable dans le dossier destination"
2760_2-2.jpg,.jpg,2760/2-2,exact-normalise,"Correspondance produit trouvée, mais fichier image introuvable dans le dossier destination"
2777 (white).png,.png,2777,exact-sans-couleur,"Correspondance produit trouvée, mais fichier image introuvable dans le dossier destination"
2777.png,.png,2777,exact-normalise,"Correspondance produit trouvée, mais fichier image introuvable dans le dossier destination"
2780 (blue).png,.png,2780,exact-sans-couleur,"Correspondance produit trouvée, mais fichier image introuvable dans le dossier destination"
2780 (green).png,.png,2780,exact-sans-couleur,"Correspondance produit trouvée, mais fichier image introuvable dans le dossier destination"
2780 (purple).png,.png,2780,exact-sans-couleur,"Correspondance produit trouvée, mais fichier image introuvable dans le dossier destination"
2781.jpg,.jpg,2781,exact-normalise,"Correspondance produit trouvée, mais fichier image introuvable dans le dossier destination"
2792_2-1-2.jpg,.jpg,2792/2-1-2,exact-normalise,"Correspondance produit trouvée, mais fichier image introuvable dans le dossier destination"
2797.png,.png,2797,exact-normalise,"Correspondance produit trouvée, mais fichier image introuvable dans le dossier destination"
2799.jpg,.jpg,2799,exact-normalise,"Correspondance produit trouvée, mais fichier image introuvable dans le dossier destination"
2802.jpg,.jpg,2802,exact-normalise,"Correspondance produit trouvée, mais fichier image introuvable dans le dossier destination"
2804.jpg,.jpg,2804,exact-normalise,"Correspondance produit trouvée, mais fichier image introuvable dans le dossier destination"
2811.png,.png,2811,exact-normalise,"Correspondance produit trouvée, mais fichier image introuvable dans le dossier destination"
2813.jpg,.jpg,2813,exact-normalise,"Correspondance produit trouvée, mais fichier image introuvable dans le dossier destination"
2814.jpg,.jpg,2814,exact-normalise,"Correspondance produit trouvée, mais fichier image introuvable dans le dossier destination"
2815.jpg,.jpg,2815,exact-normalise,"Correspondance produit trouvée, mais fichier image introuvable dans le dossier destination"
2816.jpg,.jpg,2816,exact-normalise,"Correspondance produit trouvée, mais fichier image introuvable dans le dossier destination"
2817_3-1-2-3.  #1,.png,2817/3-1-2-3,exact-normalise,"Correspondance produit trouvée, mais fichier image introuvable dans le dossier destination"
2817_3-1-2-3.  #2,.png,2817/3-1-2-3,exact-normalise,"Correspondance produit trouvée, mais fichier image introuvable dans le dossier destination"
2817_3-1-2-3.  #3,.png,2817/3-1-2-3,exact-normalise,"Correspondance produit trouvée, mais fichier image introuvable dans le dossier destination"
2817_3-1-2-3.  #4,.png,2817/3-1-2-3,exact-normalise,"Correspondance produit trouvée, mais fichier image introuvable dans le dossier destination"
2820_2-1-2.   #1,.png,2820/2-1-2,exact-normalise,"Correspondance produit trouvée, mais fichier image introuvable dans le dossier destination"
2820_2-1-2.   #2,.png,2820/2-1-2,exact-normalise,"Correspondance produit trouvée, mais fichier image introuvable dans le dossier destination"
2820_2-1-2.   #3,.png,2820/2-1-2,exact-normalise,"Correspondance produit trouvée, mais fichier image introuvable dans le dossier destination"
2820_2-1-2.   #4,.png,2820/2-1-2,exact-normalise,"Correspondance produit trouvée, mais fichier image introuvable dans le dossier destination"
2829.jpg,.jpg,2829,exact-normalise,"Correspondance produit trouvée, mais fichier image introuvable dans le dossier destination"
2831_2-2.  #1,.jpg,2831/2-2,exact-normalise,"Correspondance produit trouvée, mais fichier image introuvable dans le dossier destination"
2831_2-2.  #2,.jpg,2831/2-2,exact-normalise,"Correspondance produit trouvée, mais fichier image introuvable dans le dossier destination"
2831_2-2.  #3,.jpg,2831/2-2,exact-normalise,"Correspondance produit trouvée, mais fichier image introuvable dans le dossier destination"
2831_2-2.  #4,.png,2831/2-2,exact-normalise,"Correspondance produit trouvée, mais fichier image introuvable dans le dossier destination"
2833_2-2.    #1,.jpg,2833/2-2,exact-normalise,"Correspondance produit trouvée, mais fichier image introuvable dans le dossier destination"
2833_2-2.    #2,.jpg,2833/2-2,exact-normalise,"Correspondance produit trouvée, mais fichier image introuvable dans le dossier destination"
2833_2-2.    #3,.jpg,2833/2-2,exact-normalise,"Correspondance produit trouvée, mais fichier image introuvable dans le dossier destination"
2833_2-2.    #4,.jpg,2833/2-2,exact-normalise,"Correspondance produit trouvée, mais fichier image introuvable dans le dossier destination"
2835.   #1,.jpg,2835,exact-normalise,"Correspondance produit trouvée, mais fichier image introuvable dans le dossier destination"
2835.   #2,.jpg,2835,exact-normalise,"Correspondance produit trouvée, mais fichier image introuvable dans le dossier destination"
2835.   #3,.jpg,2835,exact-normalise,"Correspondance produit trouvée, mais fichier image introuvable dans le dossier destination"
2835.   #4,.jpg,2835,exact-normalise,"Correspondance produit trouvée, mais fichier image introuvable dans le dossier destination"
2844.jpg,.jpg,2844,exact-normalise,"Correspondance produit trouvée, mais fichier image introuvable dans le dossier destination"
2845.jpg,.jpg,2845,exact-normalise,"Correspondance produit trouvée, mais fichier image introuvable dans le dossier destination"
2846.png,.png,2846,exact-normalise,"Correspondance produit trouvée, mais fichier image introuvable dans le dossier destination"
2847.png,.png,2847,exact-normalise,"Correspondance produit trouvée, mais fichier image introuvable dans le dossier destination"
2848.png,.png,2848,exact-normalise,"Correspondance produit trouvée, mais fichier image introuvable dans le dossier destination"
2858.   #1,.jpg,2858,exact-normalise,"Correspondance produit trouvée, mais fichier image introuvable dans le dossier destination"
2858.   #2,.jpg,2858,exact-normalise,"Correspondance produit trouvée, mais fichier image introuvable dans le dossier destination"
2858.   #3,.jpg,2858,exact-normalise,"Correspondance produit trouvée, mais fichier image introuvable dans le dossier destination"
2858.   #4,.jpg,2858,exact-normalise,"Correspondance produit trouvée, mais fichier image introuvable dans le dossier destination"
2863.   #1,.png,2863,exact-normalise,"Correspondance produit trouvée, mais fichier image introuvable dans le dossier destination"
2863.   #2,.png,2863,exact-normalise,"Correspondance produit trouvée, mais fichier image introuvable dans le dossier destination"
2863.   #3,.png,2863,exact-normalise,"Correspondance produit trouvée, mais fichier image introuvable dans le dossier destination"
2863.   #4,.png,2863,exact-normalise,"Correspondance produit trouvée, mais fichier image introuvable dans le dossier destination"
2864(1).   #1,.jpg,2864,numero-principal-unique,"Correspondance produit trouvée, mais fichier image introuvable dans le dossier destination"
2864(1).   #2,.jpg,2864,numero-principal-unique,"Correspondance produit trouvée, mais fichier image introuvable dans le dossier destination"
2864(1).   #3,.jpg,2864,numero-principal-unique,"Correspondance produit trouvée, mais fichier image introuvable dans le dossier destination"
2864(1).   #4,.jpg,2864,numero-principal-unique,"Correspondance produit trouvée, mais fichier image introuvable dans le dossier destination"
2864.   #1,.jpg,2864,exact-normalise,"Correspondance produit trouvée, mais fichier image introuvable dans le dossier destination"
2864.   #2,.jpg,2864,exact-normalise,"Correspondance produit trouvée, mais fichier image introuvable dans le dossier destination"
2864.   #3,.jpg,2864,exact-normalise,"Correspondance produit trouvée, mais fichier image introuvable dans le dossier destination"
2864.   #4,.jpg,2864,exact-normalise,"Correspondance produit trouvée, mais fichier image introuvable dans le dossier destination"
2865.   #1,.jpg,2865,exact-normalise,"Correspondance produit trouvée, mais fichier image introuvable dans le dossier destination"
2865.   #2,.jpg,2865,exact-normalise,"Correspondance produit trouvée, mais fichier image introuvable dans le dossier destination"
2865.   #3,.jpg,2865,exact-normalise,"Correspondance produit trouvée, mais fichier image introuvable dans le dossier destination"
2865.   #4,.jpg,2865,exact-normalise,"Correspondance produit trouvée, mais fichier image introuvable dans le dossier destination"
2866.    #1,.jpg,2866,exact-normalise,"Correspondance produit trouvée, mais fichier image introuvable dans le dossier destination"
2866.    #2,.jpg,2866,exact-normalise,"Correspondance produit trouvée, mais fichier image introuvable dans le dossier destination"
2866.    #3,.jpg,2866,exact-normalise,"Correspondance produit trouvée, mais fichier image introuvable dans le dossier destination"
2866.    #4,.jpg,2866,exact-normalise,"Correspondance produit trouvée, mais fichier image introuvable dans le dossier destination"
2866.   #1,.jpg,2866,exact-normalise,"Correspondance produit trouvée, mais fichier image introuvable dans le dossier destination"
2866.   #2,.jpg,2866,exact-normalise,"Correspondance produit trouvée, mais fichier image introuvable dans le dossier destination"
2866.   #3,.jpg,2866,exact-normalise,"Correspondance produit trouvée, mais fichier image introuvable dans le dossier destination"
2866.   #4,.jpg,2866,exact-normalise,"Correspondance produit trouvée, mais fichier image introuvable dans le dossier destination"
2868.   #1,.jpg,2868,exact-normalise,"Correspondance produit trouvée, mais fichier image introuvable dans le dossier destination"
2868.   #2,.jpg,2868,exact-normalise,"Correspondance produit trouvée, mais fichier image introuvable dans le dossier destination"
2868.   #3,.jpg,2868,exact-normalise,"Correspondance produit trouvée, mais fichier image introuvable dans le dossier destination"
2868.   #4,.jpg,2868,exact-normalise,"Correspondance produit trouvée, mais fichier image introuvable dans le dossier destination"
2868.jpg,.jpg,2868,exact-normalise,"Correspondance produit trouvée, mais fichier image introuvable dans le dossier destination"
2880_2-1-2.jpg,.jpg,2880/2-1-2,exact-normalise,"Correspondance produit trouvée, mais fichier image introuvable dans le dossier destination"
2884_2-1-2.jpg,.jpg,2884/2-1-2,exact-normalise,"Correspondance produit trouvée, mais fichier image introuvable dans le dossier destination"
2886_2-1-2.jpg,.jpg,2886/2-1-2,exact-normalise,"Correspondance produit trouvée, mais fichier image introuvable dans le dossier destination"
2890_2-1-2.jpg,.jpg,2890/2-1-2,exact-normalise,"Correspondance produit trouvée, mais fichier image introuvable dans le dossier destination"
2924.jpg,.jpg,2924,exact-normalise,"Correspondance produit trouvée, mais fichier image introuvable dans le dossier destination"
2925.jpg,.jpg,2925,exact-normalise,"Correspondance produit trouvée, mais fichier image introuvable dans le dossier destination"
2941_3-1-2-3.jpg,.jpg,2941/3-1-2-3,exact-normalise,"Correspondance produit trouvée, mais fichier image introuvable dans le dossier destination"
3023.jpg,.jpg,3023,exact-normalise,"Correspondance produit trouvée, mais fichier image introuvable dans le dossier destination"
3029_90x35.   #1,.png,3029/90×35,exact-normalise,"Correspondance produit trouvée, mais fichier image introuvable dans le dossier destination"
3029_90x35.   #2,.png,3029/90×35,exact-normalise,"Correspondance produit trouvée, mais fichier image introuvable dans le dossier destination"
3029_90x35.   #3,.png,3029/90×35,exact-normalise,"Correspondance produit trouvée, mais fichier image introuvable dans le dossier destination"
3029_90x35.   #4,.png,3029/90×35,exact-normalise,"Correspondance produit trouvée, mais fichier image introuvable dans le dossier destination"
3030.jpg,.jpg,3030,exact-normalise,"Correspondance produit trouvée, mais fichier image introuvable dans le dossier destination"
3073_74_75.png,.png,3073/74/75,exact-normalise,"Correspondance produit trouvée, mais fichier image introuvable dans le dossier destination"
3076_77.jpg,.jpg,3076/77,exact-normalise,"Correspondance produit trouvée, mais fichier image introuvable dans le dossier destination"
3080.jpg,.jpg,3080,exact-normalise,"Correspondance produit trouvée, mais fichier image introuvable dans le dossier destination"
3085.jpg,.jpg,3085,exact-normalise,"Correspondance produit trouvée, mais fichier image introuvable dans le dossier destination"
3119_20_21.png,.png,3119/20/21,exact-normalise,"Correspondance produit trouvée, mais fichier image introuvable dans le dossier destination"
3125.jpg,.jpg,3125,exact-normalise,"Correspondance produit trouvée, mais fichier image introuvable dans le dossier destination"
3126.jpg,.jpg,3126,exact-normalise,"Correspondance produit trouvée, mais fichier image introuvable dans le dossier destination"
3128.png,.png,3128,exact-normalise,"Correspondance produit trouvée, mais fichier image introuvable dans le dossier destination"
3130.png,.png,3130,exact-normalise,"Correspondance produit trouvée, mais fichier image introuvable dans le dossier destination"
3133.png,.png,3133,exact-normalise,"Correspondance produit trouvée, mais fichier image introuvable dans le dossier destination"
3135.png,.png,3135,exact-normalise,"Correspondance produit trouvée, mais fichier image introuvable dans le dossier destination"
3136.jpg,.jpg,3136,exact-normalise,"Correspondance produit trouvée, mais fichier image introuvable dans le dossier destination"
3138.jpg,.jpg,3138,exact-normalise,"Correspondance produit trouvée, mais fichier image introuvable dans le dossier destination"
3141.jpg,.jpg,3141,exact-normalise,"Correspondance produit trouvée, mais fichier image introuvable dans le dossier destination"
3143.jpg,.jpg,3143,exact-normalise,"Correspondance produit trouvée, mais fichier image introuvable dans le dossier destination"
3144.jpg,.jpg,3144,exact-normalise,"Correspondance produit trouvée, mais fichier image introuvable dans le dossier destination"
3147.jpg,.jpg,3147,exact-normalise,"Correspondance produit trouvée, mais fichier image introuvable dans le dossier destination"
3148.jpg,.jpg,3148,exact-normalise,"Correspondance produit trouvée, mais fichier image introuvable dans le dossier destination"
3150.jpg,.jpg,3150,exact-normalise,"Correspondance produit trouvée, mais fichier image introuvable dans le dossier destination"
3153.jpg,.jpg,3153,exact-normalise,"Correspondance produit trouvée, mais fichier image introuvable dans le dossier destination"
3159.jpg,.jpg,3159,exact-normalise,"Correspondance produit trouvée, mais fichier image introuvable dans le dossier destination"
3160.png,.png,3160,exact-normalise,"Correspondance produit trouvée, mais fichier image introuvable dans le dossier destination"
3161.jpg,.jpg,3161,exact-normalise,"Correspondance produit trouvée, mais fichier image introuvable dans le dossier destination"
3180.jpg,.jpg,3180,exact-normalise,"Correspondance produit trouvée, mais fichier image introuvable dans le dossier destination"
3202_03_04.jpg,.jpg,3202/03/04,exact-normalise,"Correspondance produit trouvée, mais fichier image introuvable dans le dossier destination"
3206.jpg,.jpg,3206,exact-normalise,"Correspondance produit trouvée, mais fichier image introuvable dans le dossier destination"
3207.jpg,.jpg,3207,exact-normalise,"Correspondance produit trouvée, mais fichier image introuvable dans le dossier destination"
3208.jpg,.jpg,3208,exact-normalise,"Correspondance produit trouvée, mais fichier image introuvable dans le dossier destination"
3209.jpg,.jpg,3209,exact-normalise,"Correspondance produit trouvée, mais fichier image introuvable dans le dossier destination"
3237.jpg,.jpg,3237,exact-normalise,"Correspondance produit trouvée, mais fichier image introuvable dans le dossier destination"
3250_51_52.jpg,.jpg,3250/51/52,exact-normalise,"Correspondance produit trouvée, mais fichier image introuvable dans le dossier destination"
3275.jpg,.jpg,3275,exact-normalise,"Correspondance produit trouvée, mais fichier image introuvable dans le dossier destination"
3286.jpg,.jpg,3286,exact-normalise,"Correspondance produit trouvée, mais fichier image introuvable dans le dossier destination"
3287.jpg,.jpg,3287,exact-normalise,"Correspondance produit trouvée, mais fichier image introuvable dans le dossier destination"
3290.jpg,.jpg,3290,exact-normalise,"Correspondance produit trouvée, mais fichier image introuvable dans le dossier destination"
3294_95.png,.png,3294/95,exact-normalise,"Correspondance produit trouvée, mais fichier image introuvable dans le dossier destination"
3373.jpg,.jpg,3373,exact-normalise,"Correspondance produit trouvée, mais fichier image introuvable dans le dossier destination"
3374.jpg,.jpg,3374,exact-normalise,"Correspondance produit trouvée, mais fichier image introuvable dans le dossier destination"
3415.   #1,.jpg,3415,exact-normalise,"Correspondance produit trouvée, mais fichier image introuvable dans le dossier destination"
3415.   #2,.jpg,3415,exact-normalise,"Correspondance produit trouvée, mais fichier image introuvable dans le dossier destination"
3415.   #3,.png,3415,exact-normalise,"Correspondance produit trouvée, mais fichier image introuvable dans le dossier destination"
3415.   #4,.png,3415,exact-normalise,"Correspondance produit trouvée, mais fichier image introuvable dans le dossier destination"
3417.   #1,.jpg,3417,exact-normalise,"Correspondance produit trouvée, mais fichier image introuvable dans le dossier destination"
3417.   #2,.jpg,3417,exact-normalise,"Correspondance produit trouvée, mais fichier image introuvable dans le dossier destination"
3417.   #3,.jpg,3417,exact-normalise,"Correspondance produit trouvée, mais fichier image introuvable dans le dossier destination"
3417.   #4,.jpg,3417,exact-normalise,"Correspondance produit trouvée, mais fichier image introuvable dans le dossier destination"
3418.    #1,.jpg,3418,exact-normalise,"Correspondance produit trouvée, mais fichier image introuvable dans le dossier destination"
3418.    #2,.jpg,3418,exact-normalise,"Correspondance produit trouvée, mais fichier image introuvable dans le dossier destination"
3418.    #3,.jpg,3418,exact-normalise,"Correspondance produit trouvée, mais fichier image introuvable dans le dossier destination"
3418.    #4,.jpg,3418,exact-normalise,"Correspondance produit trouvée, mais fichier image introuvable dans le dossier destination"
3431_32.jpg,.jpg,3431/32,exact-normalise,"Correspondance produit trouvée, mais fichier image introuvable dans le dossier destination"
3433_34.jpg,.jpg,3433/34,exact-normalise,"Correspondance produit trouvée, mais fichier image introuvable dans le dossier destination"
3439_40.jpg,.jpg,3439/40,exact-normalise,"Correspondance produit trouvée, mais fichier image introuvable dans le dossier destination"
3471.jpg,.jpg,3471,exact-normalise,"Correspondance produit trouvée, mais fichier image introuvable dans le dossier destination"
3730_31_32.png,.png,3730/31/32,exact-normalise,"Correspondance produit trouvée, mais fichier image introuvable dans le dossier destination"
3751_52_53.jpg,.jpg,3751/52/53,exact-normalise,"Correspondance produit trouvée, mais fichier image introuvable dans le dossier destination"
3780.jpg,.jpg,3780,exact-normalise,"Correspondance produit trouvée, mais fichier image introuvable dans le dossier destination"
3790_.png,.png,3790.,exact-normalise,"Correspondance produit trouvée, mais fichier image introuvable dans le dossier destination"
3900.jpg,.jpg,3900,exact-normalise,"Correspondance produit trouvée, mais fichier image introuvable dans le dossier destination"
3901.png,.png,3901,exact-normalise,"Correspondance produit trouvée, mais fichier image introuvable dans le dossier destination"
3954_.png,.png,3954.,exact-normalise,"Correspondance produit trouvée, mais fichier image introuvable dans le dossier destination"
4444.png,.png,4444,exact-normalise,"Correspondance produit trouvée, mais fichier image introuvable dans le dossier destination"
5021_50.  #1,.png,5021/50,exact-normalise,"Correspondance produit trouvée, mais fichier image introuvable dans le dossier destination"
5021_50.  #2,.png,5021/50,exact-normalise,"Correspondance produit trouvée, mais fichier image introuvable dans le dossier destination"
5021_50.  #3,.png,5021/50,exact-normalise,"Correspondance produit trouvée, mais fichier image introuvable dans le dossier destination"
5021_50.  #4,.png,5021/50,exact-normalise,"Correspondance produit trouvée, mais fichier image introuvable dans le dossier destination"
555.jpg,.jpg,555,exact-normalise,"Correspondance produit trouvée, mais fichier image introuvable dans le dossier destination"
5585.  #1,.jpg,5585,exact-normalise,"Correspondance produit trouvée, mais fichier image introuvable dans le dossier destination"
5585. #2,.jpg,5585,exact-normalise,"Correspondance produit trouvée, mais fichier image introuvable dans le dossier destination"
5585. #3,.jpg,5585,exact-normalise,"Correspondance produit trouvée, mais fichier image introuvable dans le dossier destination"
5585. #4,.jpg,5585,exact-normalise,"Correspondance produit trouvée, mais fichier image introuvable dans le dossier destination"
589 B.  #1,.png,589 B,exact-normalise,"Correspondance produit trouvée, mais fichier image introuvable dans le dossier destination"
589 B.  #2,.png,589 B,exact-normalise,"Correspondance produit trouvée, mais fichier image introuvable dans le dossier destination"
589 B.  #3,.png,589 B,exact-normalise,"Correspondance produit trouvée, mais fichier image introuvable dans le dossier destination"
589 B.  #4,.png,589 B,exact-normalise,"Correspondance produit trouvée, mais fichier image introuvable dans le dossier destination"
589 f.   #1,.png,589 B,signature-numerique,"Correspondance produit trouvée, mais fichier image introuvable dans le dossier destination"
589 f.   #2,.png,589 B,signature-numerique,"Correspondance produit trouvée, mais fichier image introuvable dans le dossier destination"
589 f.   #3,.png,589 B,signature-numerique,"Correspondance produit trouvée, mais fichier image introuvable dans le dossier destination"
589 f.   #4,.png,589 B,signature-numerique,"Correspondance produit trouvée, mais fichier image introuvable dans le dossier destination"
7029.jpg,.jpg,7029,exact-normalise,"Correspondance produit trouvée, mais fichier image introuvable dans le dossier destination"
7317_18.jpg,.jpg,7317/18,exact-normalise,"Correspondance produit trouvée, mais fichier image introuvable dans le dossier destination"
7326.jpg,.jpg,7326,exact-normalise,"Correspondance produit trouvée, mais fichier image introuvable dans le dossier destination"
7415_16_17.jpg,.jpg,7415/16/17,exact-normalise,"Correspondance produit trouvée, mais fichier image introuvable dans le dossier destination"
7427_28_29.jpg,.jpg,7427/28/29,exact-normalise,"Correspondance produit trouvée, mais fichier image introuvable dans le dossier destination"
7432.jpg,.jpg,7432,exact-normalise,"Correspondance produit trouvée, mais fichier image introuvable dans le dossier destination"
7453.jpg,.jpg,7453,exact-normalise,"Correspondance produit trouvée, mais fichier image introuvable dans le dossier destination"
7461_62.jpg,.jpg,7461/62,exact-normalise,"Correspondance produit trouvée, mais fichier image introuvable dans le dossier destination"
7495.png,.png,7495,exact-normalise,"Correspondance produit trouvée, mais fichier image introuvable dans le dossier destination"
8021.png,.png,8021,exact-normalise,"Correspondance produit trouvée, mais fichier image introuvable dans le dossier destination"
8042.png,.png,8042,exact-normalise,"Correspondance produit trouvée, mais fichier image introuvable dans le dossier destination"
8046.jpg,.jpg,8046,exact-normalise,"Correspondance produit trouvée, mais fichier image introuvable dans le dossier destination"
8052.jpg,.jpg,8052,exact-normalise,"Correspondance produit trouvée, mais fichier image introuvable dans le dossier destination"
8059_2-1-2.jpg,.jpg,8059/2-1-2,exact-normalise,"Correspondance produit trouvée, mais fichier image introuvable dans le dossier destination"
8060 (black).png,.png,8060,exact-sans-couleur,"Correspondance produit trouvée, mais fichier image introuvable dans le dossier destination"
8060 (green).png,.png,8060,exact-sans-couleur,"Correspondance produit trouvée, mais fichier image introuvable dans le dossier destination"
8060 (white).png,.png,8060,exact-sans-couleur,"Correspondance produit trouvée, mais fichier image introuvable dans le dossier destination"
8071 (black).png,.png,8071,exact-sans-couleur,"Correspondance produit trouvée, mais fichier image introuvable dans le dossier destination"
8076. (Pink).png,.png,8076.,exact-sans-couleur,"Correspondance produit trouvée, mais fichier image introuvable dans le dossier destination"
8076. (Yellow).png,.png,8076.,exact-sans-couleur,"Correspondance produit trouvée, mais fichier image introuvable dans le dossier destination"
8077(1).jpg,.jpg,8077,numero-principal-unique,"Correspondance produit trouvée, mais fichier image introuvable dans le dossier destination"
8077.jpg,.jpg,8077,exact-normalise,"Correspondance produit trouvée, mais fichier image introuvable dans le dossier destination"
8082 (green).png,.png,8082,exact-sans-couleur,"Correspondance produit trouvée, mais fichier image introuvable dans le dossier destination"
8082 (orange).jpg,.jpg,8082,exact-sans-couleur,"Correspondance produit trouvée, mais fichier image introuvable dans le dossier destination"
8082 (white).jpg,.jpg,8082,exact-sans-couleur,"Correspondance produit trouvée, mais fichier image introuvable dans le dossier destination"
8083 (black).jpg,.jpg,8083,exact-sans-couleur,"Correspondance produit trouvée, mais fichier image introuvable dans le dossier destination"
8083 (green).jpg,.jpg,8083,exact-sans-couleur,"Correspondance produit trouvée, mais fichier image introuvable dans le dossier destination"
8083 (orange).png,.png,8083,exact-sans-couleur,"Correspondance produit trouvée, mais fichier image introuvable dans le dossier destination"
8083.png,.png,8083,exact-normalise,"Correspondance produit trouvée, mais fichier image introuvable dans le dossier destination"
8085.png,.png,8085,exact-normalise,"Correspondance produit trouvée, mais fichier image introuvable dans le dossier destination"
8094_3-1-2-3.jpg,.jpg,8094/3-1-2-3,exact-normalise,"Correspondance produit trouvée, mais fichier image introuvable dans le dossier destination"
8101.   #1,.jpg,8101,exact-normalise,"Correspondance produit trouvée, mais fichier image introuvable dans le dossier destination"
8101.   #2,.jpg,8101,exact-normalise,"Correspondance produit trouvée, mais fichier image introuvable dans le dossier destination"
8101.   #3,.jpg,8101,exact-normalise,"Correspondance produit trouvée, mais fichier image introuvable dans le dossier destination"
8101.   #4,.jpg,8101,exact-normalise,"Correspondance produit trouvée, mais fichier image introuvable dans le dossier destination"
8102.jpg,.jpg,8102,exact-normalise,"Correspondance produit trouvée, mais fichier image introuvable dans le dossier destination"
8103.   #1,.jpg,8103,exact-normalise,"Correspondance produit trouvée, mais fichier image introuvable dans le dossier destination"
8103.   #2,.jpg,8103,exact-normalise,"Correspondance produit trouvée, mais fichier image introuvable dans le dossier destination"
8103.   #3,.jpg,8103,exact-normalise,"Correspondance produit trouvée, mais fichier image introuvable dans le dossier destination"
8103.   #4,.jpg,8103,exact-normalise,"Correspondance produit trouvée, mais fichier image introuvable dans le dossier destination"
8105.jpg,.jpg,8105,exact-normalise,"Correspondance produit trouvée, mais fichier image introuvable dans le dossier destination"
8106.jpg,.jpg,8106,exact-normalise,"Correspondance produit trouvée, mais fichier image introuvable dans le dossier destination"
8107.png,.png,8107,exact-normalise,"Correspondance produit trouvée, mais fichier image introuvable dans le dossier destination"
8109.png,.png,8109,exact-normalise,"Correspondance produit trouvée, mais fichier image introuvable dans le dossier destination"
8110.png,.png,8110,exact-normalise,"Correspondance produit trouvée, mais fichier image introuvable dans le dossier destination"
8111.png,.png,8111.,exact-normalise,"Correspondance produit trouvée, mais fichier image introuvable dans le dossier destination"
8112.png,.png,8112,exact-normalise,"Correspondance produit trouvée, mais fichier image introuvable dans le dossier destination"
8116.jpg,.jpg,8116,exact-normalise,"Correspondance produit trouvée, mais fichier image introuvable dans le dossier destination"
8120.jpg,.jpg,8120,exact-normalise,"Correspondance produit trouvée, mais fichier image introuvable dans le dossier destination"
8125.jpg,.jpg,8125,exact-normalise,"Correspondance produit trouvée, mais fichier image introuvable dans le dossier destination"
8131_3-1-2-3.jpg,.jpg,8131/3-1-2-3,exact-normalise,"Correspondance produit trouvée, mais fichier image introuvable dans le dossier destination"
8133.jpg,.jpg,8133,exact-normalise,"Correspondance produit trouvée, mais fichier image introuvable dans le dossier destination"
8138 (pink).jpg,.jpg,8138,exact-sans-couleur,"Correspondance produit trouvée, mais fichier image introuvable dans le dossier destination"
8138 (red).jpg,.jpg,8138,exact-sans-couleur,"Correspondance produit trouvée, mais fichier image introuvable dans le dossier destination"
8140.png,.png,8140,exact-normalise,"Correspondance produit trouvée, mais fichier image introuvable dans le dossier destination"
8142.png,.png,8142,exact-normalise,"Correspondance produit trouvée, mais fichier image introuvable dans le dossier destination"
8148.jpg,.jpg,8148,exact-normalise,"Correspondance produit trouvée, mais fichier image introuvable dans le dossier destination"
8154 (black).jpg,.jpg,8154,exact-sans-couleur,"Correspondance produit trouvée, mais fichier image introuvable dans le dossier destination"
8154 (white).jpg,.jpg,8154,exact-sans-couleur,"Correspondance produit trouvée, mais fichier image introuvable dans le dossier destination"
8155 (black).jpg,.jpg,8155,exact-sans-couleur,"Correspondance produit trouvée, mais fichier image introuvable dans le dossier destination"
8155 (white).jpg,.jpg,8155,exact-sans-couleur,"Correspondance produit trouvée, mais fichier image introuvable dans le dossier destination"
8157 et 8158.jpg,.jpg,8157,numero-principal-unique,"Correspondance produit trouvée, mais fichier image introuvable dans le dossier destination"
8158 (black).jpg,.jpg,8158,exact-sans-couleur,"Correspondance produit trouvée, mais fichier image introuvable dans le dossier destination"
8158 (white).jpg,.jpg,8158,exact-sans-couleur,"Correspondance produit trouvée, mais fichier image introuvable dans le dossier destination"
8159 (white).jpg,.jpg,8159,exact-sans-couleur,"Correspondance produit trouvée, mais fichier image introuvable dans le dossier destination"
8160 (yellow).jpg,.jpg,8160,exact-sans-couleur,"Correspondance produit trouvée, mais fichier image introuvable dans le dossier destination"
8189_2-1-2.jpg,.jpg,8189/2-1-2,exact-normalise,"Correspondance produit trouvée, mais fichier image introuvable dans le dossier destination"
8191.jpg,.jpg,8191,exact-normalise,"Correspondance produit trouvée, mais fichier image introuvable dans le dossier destination"
8191_2-1-2.jpg,.jpg,8191/2-1-2,exact-normalise,"Correspondance produit trouvée, mais fichier image introuvable dans le dossier destination"
8192.jpg,.jpg,8192 m,signature-numerique,"Correspondance produit trouvée, mais fichier image introuvable dans le dossier destination"
8193.jpg,.jpg,8193,exact-normalise,"Correspondance produit trouvée, mais fichier image introuvable dans le dossier destination"
8193_2-1-2.jpg,.jpg,8193/2-1-2,exact-normalise,"Correspondance produit trouvée, mais fichier image introuvable dans le dossier destination"
8195.jpg,.jpg,8195,exact-normalise,"Correspondance produit trouvée, mais fichier image introuvable dans le dossier destination"
8195_2-1-2.jpg,.jpg,8195/2-1-2,exact-normalise,"Correspondance produit trouvée, mais fichier image introuvable dans le dossier destination"
8196.jpg,.jpg,8196,exact-normalise,"Correspondance produit trouvée, mais fichier image introuvable dans le dossier destination"
8197_2-1-2.jpg,.jpg,8197/2-1-2,exact-normalise,"Correspondance produit trouvée, mais fichier image introuvable dans le dossier destination"
8426•.jpg,.jpg,8426,exact-normalise,"Correspondance produit trouvée, mais fichier image introuvable dans le dossier destination"
8428.jpg,.jpg,8428,exact-normalise,"Correspondance produit trouvée, mais fichier image introuvable dans le dossier destination"
8436.jpg,.jpg,8436,exact-normalise,"Correspondance produit trouvée, mais fichier image introuvable dans le dossier destination"
868 usb(1).   #2,.png,868 usb,numero-principal-unique,"Correspondance produit trouvée, mais fichier image introuvable dans le dossier destination"
868 usb(1).   #3,.png,868 usb,numero-principal-unique,"Correspondance produit trouvée, mais fichier image introuvable dans le dossier destination"
868 usb(1).   #4,.png,868 usb,numero-principal-unique,"Correspondance produit trouvée, mais fichier image introuvable dans le dossier destination"
868 usb.   #1,.png,868 usb,exact-normalise,"Correspondance produit trouvée, mais fichier image introuvable dans le dossier destination"
868 usb.   #2,.png,868 usb,exact-normalise,"Correspondance produit trouvée, mais fichier image introuvable dans le dossier destination"
868 usb.   #3,.png,868 usb,exact-normalise,"Correspondance produit trouvée, mais fichier image introuvable dans le dossier destination"
868 usb.   #4,.png,868 usb,exact-normalise,"Correspondance produit trouvée, mais fichier image introuvable dans le dossier destination"
868 usb_black  #1.png,.png,868 usb,exact-sans-couleur,"Correspondance produit trouvée, mais fichier image introuvable dans le dossier destination"
868_90.png,.png,868/90,exact-normalise,"Correspondance produit trouvée, mais fichier image introuvable dans le dossier destination"
9010.  #1,.png,9010,exact-normalise,"Correspondance produit trouvée, mais fichier image introuvable dans le dossier destination"
9010.  #2,.jpg,9010,exact-normalise,"Correspondance produit trouvée, mais fichier image introuvable dans le dossier destination"
9010.  #3,.jpg,9010,exact-normalise,"Correspondance produit trouvée, mais fichier image introuvable dans le dossier destination"
9010.  #4,.jpg,9010,exact-normalise,"Correspondance produit trouvée, mais fichier image introuvable dans le dossier destination"
9115.  #1,.jpg,9115,exact-normalise,"Correspondance produit trouvée, mais fichier image introuvable dans le dossier destination"
9115.  #2,.jpg,9115,exact-normalise,"Correspondance produit trouvée, mais fichier image introuvable dans le dossier destination"
9115.  #3,.jpg,9115,exact-normalise,"Correspondance produit trouvée, mais fichier image introuvable dans le dossier destination"
9115.  #4,.jpg,9115,exact-normalise,"Correspondance produit trouvée, mais fichier image introuvable dans le dossier destination"
920.jpg,.jpg,920,exact-normalise,"Correspondance produit trouvée, mais fichier image introuvable dans le dossier destination"
952.png,.png,952,exact-normalise,"Correspondance produit trouvée, mais fichier image introuvable dans le dossier destination"
9830.  #1,.png,9830,exact-normalise,"Correspondance produit trouvée, mais fichier image introuvable dans le dossier destination"
9830.  #2,.png,9830,exact-normalise,"Correspondance produit trouvée, mais fichier image introuvable dans le dossier destination"
9830.  #3,.png,9830,exact-normalise,"Correspondance produit trouvée, mais fichier image introuvable dans le dossier destination"
9830.  #4,.png,9830,exact-normalise,"Correspondance produit trouvée, mais fichier image introuvable dans le dossier destination"
9831.   #1,.png,9831,exact-normalise,"Correspondance produit trouvée, mais fichier image introuvable dans le dossier destination"
9831.   #2,.png,9831,exact-normalise,"Correspondance produit trouvée, mais fichier image introuvable dans le dossier destination"
9831.   #3,.png,9831,exact-normalise,"Correspondance produit trouvée, mais fichier image introuvable dans le dossier destination"
9831.   #4,.png,9831,exact-normalise,"Correspondance produit trouvée, mais fichier image introuvable dans le dossier destination"
A 001.jpg,.jpg,A 001,exact-normalise,"Correspondance produit trouvée, mais fichier image introuvable dans le dossier destination"
A 23.png,.png,A 23,exact-normalise,"Correspondance produit trouvée, mais fichier image introuvable dans le dossier destination"
A 28_.png,.png,A 28,exact-normalise,"Correspondance produit trouvée, mais fichier image introuvable dans le dossier destination"
A 29_.jpg,.jpg,A 29.,exact-normalise,"Correspondance produit trouvée, mais fichier image introuvable dans le dossier destination"
A 30_.png,.png,A 30.,exact-normalise,"Correspondance produit trouvée, mais fichier image introuvable dans le dossier destination"
A 38.png,.png,A 38,exact-normalise,"Correspondance produit trouvée, mais fichier image introuvable dans le dossier destination"
A264.   #1,.png,A264,exact-normalise,"Correspondance produit trouvée, mais fichier image introuvable dans le dossier destination"
A264.   #2,.png,A264,exact-normalise,"Correspondance produit trouvée, mais fichier image introuvable dans le dossier destination"
A264.   #3,.png,A264,exact-normalise,"Correspondance produit trouvée, mais fichier image introuvable dans le dossier destination"
A264.   #4,.png,A264,exact-normalise,"Correspondance produit trouvée, mais fichier image introuvable dans le dossier destination"
B 4004.  #1,.png,B 4004,exact-normalise,"Correspondance produit trouvée, mais fichier image introuvable dans le dossier destination"
B 4004.  #2,.jpg,B 4004,exact-normalise,"Correspondance produit trouvée, mais fichier image introuvable dans le dossier destination"
B 4004.  #3,.jpg,B 4004,exact-normalise,"Correspondance produit trouvée, mais fichier image introuvable dans le dossier destination"
B 4004.  #4,.jpg,B 4004,exact-normalise,"Correspondance produit trouvée, mais fichier image introuvable dans le dossier destination"
B 4024.   #1,.png,B 4024,exact-normalise,"Correspondance produit trouvée, mais fichier image introuvable dans le dossier destination"
B 4024.   #2,.jpg,B 4024,exact-normalise,"Correspondance produit trouvée, mais fichier image introuvable dans le dossier destination"
B 4024.   #3,.jpg,B 4024,exact-normalise,"Correspondance produit trouvée, mais fichier image introuvable dans le dossier destination"
B 4024.   #4,.jpg,B 4024,exact-normalise,"Correspondance produit trouvée, mais fichier image introuvable dans le dossier destination"
B 4026.  #1,.jpg,B 4026,exact-normalise,"Correspondance produit trouvée, mais fichier image introuvable dans le dossier destination"
B 4026.  #2,.jpg,B 4026,exact-normalise,"Correspondance produit trouvée, mais fichier image introuvable dans le dossier destination"
B 4026.  #3,.png,B 4026,exact-normalise,"Correspondance produit trouvée, mais fichier image introuvable dans le dossier destination"
B 4026.  #4,.jpg,B 4026,exact-normalise,"Correspondance produit trouvée, mais fichier image introuvable dans le dossier destination"
C 919.jpg,.jpg,C 919,exact-normalise,"Correspondance produit trouvée, mais fichier image introuvable dans le dossier destination"
c 922 A.jpg,.jpg,c 922 A,exact-normalise,"Correspondance produit trouvée, mais fichier image introuvable dans le dossier destination"
c 926.png,.png,c 926,exact-normalise,"Correspondance produit trouvée, mais fichier image introuvable dans le dossier destination"
C 932.png,.png,C 932,exact-normalise,"Correspondance produit trouvée, mais fichier image introuvable dans le dossier destination"
C922.jpg,.jpg,c922,exact-normalise,"Correspondance produit trouvée, mais fichier image introuvable dans le dossier destination"
cj 1323.png,.png,cj 1323,exact-normalise,"Correspondance produit trouvée, mais fichier image introuvable dans le dossier destination"
cj 1359.png,.png,cj 1359,exact-normalise,"Correspondance produit trouvée, mais fichier image introuvable dans le dossier destination"
cost 005.png,.png,cost 005,exact-normalise,"Correspondance produit trouvée, mais fichier image introuvable dans le dossier destination"
CT 232.png,.png,CT 232,exact-normalise,"Correspondance produit trouvée, mais fichier image introuvable dans le dossier destination"
d 004.  #1,.jpg,d 004,exact-normalise,"Correspondance produit trouvée, mais fichier image introuvable dans le dossier destination"
d 004.  #2,.jpg,d 004,exact-normalise,"Correspondance produit trouvée, mais fichier image introuvable dans le dossier destination"
d 004.  #3,.jpg,d 004,exact-normalise,"Correspondance produit trouvée, mais fichier image introuvable dans le dossier destination"
d 004.  #4,.jpg,d 004,exact-normalise,"Correspondance produit trouvée, mais fichier image introuvable dans le dossier destination"
d 224.  #1,.jpg,d 224,exact-normalise,"Correspondance produit trouvée, mais fichier image introuvable dans le dossier destination"
d 224.  #2,.jpg,d 224,exact-normalise,"Correspondance produit trouvée, mais fichier image introuvable dans le dossier destination"
d 224.  #3,.jpg,d 224,exact-normalise,"Correspondance produit trouvée, mais fichier image introuvable dans le dossier destination"
d 224.  #4,.jpg,d 224,exact-normalise,"Correspondance produit trouvée, mais fichier image introuvable dans le dossier destination"
d 233. #1,.jpg,233,exact-sans-prefixe,"Correspondance produit trouvée, mais fichier image introuvable dans le dossier destination"
d 233. #2,.jpg,233,exact-sans-prefixe,"Correspondance produit trouvée, mais fichier image introuvable dans le dossier destination"
d 233. #3,.jpg,233,exact-sans-prefixe,"Correspondance produit trouvée, mais fichier image introuvable dans le dossier destination"
d 233. #4,.jpg,233,exact-sans-prefixe,"Correspondance produit trouvée, mais fichier image introuvable dans le dossier destination"
D 9696_6 bk.  #1,.png,D 9696/6 bk,exact-normalise,"Correspondance produit trouvée, mais fichier image introuvable dans le dossier destination"
D 9696_6 bk.  #2,.png,D 9696/6 bk,exact-normalise,"Correspondance produit trouvée, mais fichier image introuvable dans le dossier destination"
D 9696_6 bk.  #3,.png,D 9696/6 bk,exact-normalise,"Correspondance produit trouvée, mais fichier image introuvable dans le dossier destination"
D 9696_6 bk.  #4,.png,D 9696/6 bk,exact-normalise,"Correspondance produit trouvée, mais fichier image introuvable dans le dossier destination"
D 9696_6 GD.  #1,.jpg,D 9696/6 GD,exact-normalise,"Correspondance produit trouvée, mais fichier image introuvable dans le dossier destination"
D 9696_6 GD.  #2,.jpg,D 9696/6 GD,exact-normalise,"Correspondance produit trouvée, mais fichier image introuvable dans le dossier destination"
D 9696_6 GD.  #3,.jpg,D 9696/6 GD,exact-normalise,"Correspondance produit trouvée, mais fichier image introuvable dans le dossier destination"
D 9696_6 GD.  #4,.jpg,D 9696/6 GD,exact-normalise,"Correspondance produit trouvée, mais fichier image introuvable dans le dossier destination"
D 9710_3.    #1,.jpg,D 9710/3,exact-normalise,"Correspondance produit trouvée, mais fichier image introuvable dans le dossier destination"
D 9710_3.    #2,.jpg,D 9710/3,exact-normalise,"Correspondance produit trouvée, mais fichier image introuvable dans le dossier destination"
D 9710_3.    #3,.jpg,D 9710/3,exact-normalise,"Correspondance produit trouvée, mais fichier image introuvable dans le dossier destination"
D 9710_3.    #4,.jpg,D 9710/3,exact-normalise,"Correspondance produit trouvée, mais fichier image introuvable dans le dossier destination"
D 9795_10.   #1,.jpg,D 9795/10,exact-normalise,"Correspondance produit trouvée, mais fichier image introuvable dans le dossier destination"
D 9795_10.   #2,.png,D 9795/10,exact-normalise,"Correspondance produit trouvée, mais fichier image introuvable dans le dossier destination"
D 9795_10.   #3,.jpg,D 9795/10,exact-normalise,"Correspondance produit trouvée, mais fichier image introuvable dans le dossier destination"
D 9795_10.   #4,.jpg,D 9795/10,exact-normalise,"Correspondance produit trouvée, mais fichier image introuvable dans le dossier destination"
d006. #1,.png,d006,exact-normalise,"Correspondance produit trouvée, mais fichier image introuvable dans le dossier destination"
d006. #2,.png,d006,exact-normalise,"Correspondance produit trouvée, mais fichier image introuvable dans le dossier destination"
d006. #3,.jpg,d006,exact-normalise,"Correspondance produit trouvée, mais fichier image introuvable dans le dossier destination"
d006. #4,.jpg,d006,exact-normalise,"Correspondance produit trouvée, mais fichier image introuvable dans le dossier destination"
D9688.  #1,.jpg,D9688,exact-normalise,"Correspondance produit trouvée, mais fichier image introuvable dans le dossier destination"
D9688.  #2,.jpg,D9688,exact-normalise,"Correspondance produit trouvée, mais fichier image introuvable dans le dossier destination"
D9688.  #3,.jpg,D9688,exact-normalise,"Correspondance produit trouvée, mais fichier image introuvable dans le dossier destination"
D9688.  #4,.jpg,D9688,exact-normalise,"Correspondance produit trouvée, mais fichier image introuvable dans le dossier destination"
flower 2 (blue).jpg,.jpg,flower 2,exact-sans-couleur,"Correspondance produit trouvée, mais fichier image introuvable dans le dossier destination"
flower 2 (purple).jpg,.jpg,flower 2,exact-sans-couleur,"Correspondance produit trouvée, mais fichier image introuvable dans le dossier destination"
flower 2 (red).jpg,.jpg,flower 2,exact-sans-couleur,"Correspondance produit trouvée, mais fichier image introuvable dans le dossier destination"
flower 2 (transparent ).jpg,.jpg,flower 2,exact-sans-couleur,"Correspondance produit trouvée, mais fichier image introuvable dans le dossier destination"
flower 2 (yellow).jpg,.jpg,flower 2,exact-sans-couleur,"Correspondance produit trouvée, mais fichier image introuvable dans le dossier destination"
flower 2.  (Green).jpg,.jpg,flower 2,exact-sans-couleur,"Correspondance produit trouvée, mais fichier image introuvable dans le dossier destination"
H 2017-1.png,.png,H 2017-1,exact-normalise,"Correspondance produit trouvée, mais fichier image introuvable dans le dossier destination"
H 784.png,.png,H 784,exact-normalise,"Correspondance produit trouvée, mais fichier image introuvable dans le dossier destination"
h788-1.png,.png,h788-1,exact-normalise,"Correspondance produit trouvée, mais fichier image introuvable dans le dossier destination"
HX 410.png,.png,HX 410,exact-normalise,"Correspondance produit trouvée, mais fichier image introuvable dans le dossier destination"
id 15.png,.png,id 15,exact-normalise,"Correspondance produit trouvée, mais fichier image introuvable dans le dossier destination"
ID 21.png,.png,ID 21,exact-normalise,"Correspondance produit trouvée, mais fichier image introuvable dans le dossier destination"
ID-17.png,.png,ID-17,exact-normalise,"Correspondance produit trouvée, mais fichier image introuvable dans le dossier destination"
ID-18.png,.png,ID-18,exact-normalise,"Correspondance produit trouvée, mais fichier image introuvable dans le dossier destination"
JS 094_.png,.png,JS 094.,exact-normalise,"Correspondance produit trouvée, mais fichier image introuvable dans le dossier destination"
JS 095_.png,.png,JS 095.,exact-normalise,"Correspondance produit trouvée, mais fichier image introuvable dans le dossier destination"
js 28 A.png,.png,js 28 A,exact-normalise,"Correspondance produit trouvée, mais fichier image introuvable dans le dossier destination"
js 32 B.png,.png,js 32 B,exact-normalise,"Correspondance produit trouvée, mais fichier image introuvable dans le dossier destination"
kd 022.jpg,.jpg,kd 022,exact-normalise,"Correspondance produit trouvée, mais fichier image introuvable dans le dossier destination"
kd 159.png,.png,kd 159,exact-normalise,"Correspondance produit trouvée, mais fichier image introuvable dans le dossier destination"
kd 160.png,.png,kd 160,exact-normalise,"Correspondance produit trouvée, mais fichier image introuvable dans le dossier destination"
kd 247.png,.png,kd 247,exact-normalise,"Correspondance produit trouvée, mais fichier image introuvable dans le dossier destination"
L 002_6. #1,.png,L 002/6,exact-normalise,"Correspondance produit trouvée, mais fichier image introuvable dans le dossier destination"
L 002_6. #2,.jpg,L 002/6,exact-normalise,"Correspondance produit trouvée, mais fichier image introuvable dans le dossier destination"
L 002_6. #3,.jpg,L 002/6,exact-normalise,"Correspondance produit trouvée, mais fichier image introuvable dans le dossier destination"
L 002_6. #4,.jpg,L 002/6,exact-normalise,"Correspondance produit trouvée, mais fichier image introuvable dans le dossier destination"
L007_12.  #1,.png,L007/12,exact-normalise,"Correspondance produit trouvée, mais fichier image introuvable dans le dossier destination"
L007_12.  #2,.jpg,L007/12,exact-normalise,"Correspondance produit trouvée, mais fichier image introuvable dans le dossier destination"
L007_12.  #3,.jpg,L007/12,exact-normalise,"Correspondance produit trouvée, mais fichier image introuvable dans le dossier destination"
L007_12.  #4,.jpg,L007/12,exact-normalise,"Correspondance produit trouvée, mais fichier image introuvable dans le dossier destination"
Lustre 5969 #1.png,.png,5969,signature-numerique,"Correspondance produit trouvée, mais fichier image introuvable dans le dossier destination"
Lustre 5969 #2.png,.png,5969,signature-numerique,"Correspondance produit trouvée, mais fichier image introuvable dans le dossier destination"
Lustre 5969 #3.png,.png,5969,signature-numerique,"Correspondance produit trouvée, mais fichier image introuvable dans le dossier destination"
Lustre 5969 #4.png,.png,5969,signature-numerique,"Correspondance produit trouvée, mais fichier image introuvable dans le dossier destination"
MX 25-16 A.  #1,.jpg,MX 25-16 A,exact-normalise,"Correspondance produit trouvée, mais fichier image introuvable dans le dossier destination"
MX 25-16 A.  #2,.jpg,MX 25-16 A,exact-normalise,"Correspondance produit trouvée, mais fichier image introuvable dans le dossier destination"
MX 25-16 A.  #3,.jpg,MX 25-16 A,exact-normalise,"Correspondance produit trouvée, mais fichier image introuvable dans le dossier destination"
MX 25-16 A.  #4,.jpg,MX 25-16 A,exact-normalise,"Correspondance produit trouvée, mais fichier image introuvable dans le dossier destination"
MX 25-16.   #1,.jpg,MX 25-16,exact-normalise,"Correspondance produit trouvée, mais fichier image introuvable dans le dossier destination"
MX 25-16.   #2,.jpg,MX 25-16,exact-normalise,"Correspondance produit trouvée, mais fichier image introuvable dans le dossier destination"
MX 25-16.   #3,.jpg,MX 25-16,exact-normalise,"Correspondance produit trouvée, mais fichier image introuvable dans le dossier destination"
MX 25-16.   #4,.jpg,MX 25-16,exact-normalise,"Correspondance produit trouvée, mais fichier image introuvable dans le dossier destination"
MX 65_6.  #1,.jpg,MX 65/6,exact-normalise,"Correspondance produit trouvée, mais fichier image introuvable dans le dossier destination"
MX 65_6.  #2,.png,MX 65/6,exact-normalise,"Correspondance produit trouvée, mais fichier image introuvable dans le dossier destination"
MX 65_6.  #3,.png,MX 65/6,exact-normalise,"Correspondance produit trouvée, mais fichier image introuvable dans le dossier destination"
MX 65_6.  #4,.jpg,MX 65/6,exact-normalise,"Correspondance produit trouvée, mais fichier image introuvable dans le dossier destination"
P 8078_50.  #1,.jpg,P 8078/50,exact-normalise,"Correspondance produit trouvée, mais fichier image introuvable dans le dossier destination"
P 8078_50.  #2,.jpg,P 8078/50,exact-normalise,"Correspondance produit trouvée, mais fichier image introuvable dans le dossier destination"
P 8078_50.  #3,.jpg,P 8078/50,exact-normalise,"Correspondance produit trouvée, mais fichier image introuvable dans le dossier destination"
P 8078_50.  #4,.jpg,P 8078/50,exact-normalise,"Correspondance produit trouvée, mais fichier image introuvable dans le dossier destination"
P 8078_60.  #1,.png,P 8078/60,exact-normalise,"Correspondance produit trouvée, mais fichier image introuvable dans le dossier destination"
P 8078_60.  #2,.png,P 8078/60,exact-normalise,"Correspondance produit trouvée, mais fichier image introuvable dans le dossier destination"
P 8078_60.  #3,.png,P 8078/60,exact-normalise,"Correspondance produit trouvée, mais fichier image introuvable dans le dossier destination"
P 8078_60.  #4,.png,P 8078/60,exact-normalise,"Correspondance produit trouvée, mais fichier image introuvable dans le dossier destination"
P 8078_80.   #1,.png,P 8078/80,exact-normalise,"Correspondance produit trouvée, mais fichier image introuvable dans le dossier destination"
P 8078_80.   #2,.jpg,P 8078/80,exact-normalise,"Correspondance produit trouvée, mais fichier image introuvable dans le dossier destination"
P 8078_80.   #3,.jpg,P 8078/80,exact-normalise,"Correspondance produit trouvée, mais fichier image introuvable dans le dossier destination"
P 8078_80.   #4,.jpg,P 8078/80,exact-normalise,"Correspondance produit trouvée, mais fichier image introuvable dans le dossier destination"
ref 2329.jpg,.jpg,2329,signature-numerique,"Correspondance produit trouvée, mais fichier image introuvable dans le dossier destination"
ref 2672.png,.png,ref 2672,exact-normalise,"Correspondance produit trouvée, mais fichier image introuvable dans le dossier destination"
rim 13.png,.png,rim 13,exact-normalise,"Correspondance produit trouvée, mais fichier image introuvable dans le dossier destination"
rim 333.png,.png,rim 333,exact-normalise,"Correspondance produit trouvée, mais fichier image introuvable dans le dossier destination"
rim 54.jpg,.jpg,rim 54,exact-normalise,"Correspondance produit trouvée, mais fichier image introuvable dans le dossier destination"
Rim 59.png,.png,rim 59,exact-normalise,"Correspondance produit trouvée, mais fichier image introuvable dans le dossier destination"
rim 63.jpg,.jpg,rim 63,exact-normalise,"Correspondance produit trouvée, mais fichier image introuvable dans le dossier destination"
rim002 (bège).jpg,.jpg,rim002,signature-numerique,"Correspondance produit trouvée, mais fichier image introuvable dans le dossier destination"
rim002 (transparent ).jpg,.jpg,rim002,exact-sans-couleur,"Correspondance produit trouvée, mais fichier image introuvable dans le dossier destination"
RL 9270 M.    #1,.png,RL 9270 M,exact-normalise,"Correspondance produit trouvée, mais fichier image introuvable dans le dossier destination"
RL 9270 M.    #2,.png,RL 9270 M,exact-normalise,"Correspondance produit trouvée, mais fichier image introuvable dans le dossier destination"
RL 9270 M.    #3,.png,RL 9270 M,exact-normalise,"Correspondance produit trouvée, mais fichier image introuvable dans le dossier destination"
RL 9270 M.    #4,.png,RL 9270 M,exact-normalise,"Correspondance produit trouvée, mais fichier image introuvable dans le dossier destination"
RT 9227_A.    #1,.jpg,RT 9227_A,exact-normalise,"Correspondance produit trouvée, mais fichier image introuvable dans le dossier destination"
RT 9227_A.    #2,.jpg,RT 9227_A,exact-normalise,"Correspondance produit trouvée, mais fichier image introuvable dans le dossier destination"
RT 9227_A.    #3,.jpg,RT 9227_A,exact-normalise,"Correspondance produit trouvée, mais fichier image introuvable dans le dossier destination"
RT 9227_A.    #4,.jpg,RT 9227_A,exact-normalise,"Correspondance produit trouvée, mais fichier image introuvable dans le dossier destination"
RT 9272-B.    #1,.jpg,RT 9272-B,exact-normalise,"Correspondance produit trouvée, mais fichier image introuvable dans le dossier destination"
RT 9272-B.    #2,.jpg,RT 9272-B,exact-normalise,"Correspondance produit trouvée, mais fichier image introuvable dans le dossier destination"
RT 9272-B.    #3,.jpg,RT 9272-B,exact-normalise,"Correspondance produit trouvée, mais fichier image introuvable dans le dossier destination"
RT 9272-B.    #4,.jpg,RT 9272-B,exact-normalise,"Correspondance produit trouvée, mais fichier image introuvable dans le dossier destination"
SC 11904.jpg,.jpg,SC 11904,exact-normalise,"Correspondance produit trouvée, mais fichier image introuvable dans le dossier destination"
SC 126.png,.png,SC 126,exact-normalise,"Correspondance produit trouvée, mais fichier image introuvable dans le dossier destination"
SC 149.png,.png,SC 149,exact-normalise,"Correspondance produit trouvée, mais fichier image introuvable dans le dossier destination"
SC 150.png,.png,SC 150,exact-normalise,"Correspondance produit trouvée, mais fichier image introuvable dans le dossier destination"
SC 150_.png,.png,SC 150,exact-normalise,"Correspondance produit trouvée, mais fichier image introuvable dans le dossier destination"
SR 1167_65   #1.png,.png,SR 1167/65,exact-normalise,"Correspondance produit trouvée, mais fichier image introuvable dans le dossier destination"
SR 1167_65   #2.png,.png,SR 1167/65,exact-normalise,"Correspondance produit trouvée, mais fichier image introuvable dans le dossier destination"
SR 1167_65   #3.png,.png,SR 1167/65,exact-normalise,"Correspondance produit trouvée, mais fichier image introuvable dans le dossier destination"
SR 1167_65   #4.png,.png,SR 1167/65,exact-normalise,"Correspondance produit trouvée, mais fichier image introuvable dans le dossier destination"
SS 016.png,.png,SS 016,exact-normalise,"Correspondance produit trouvée, mais fichier image introuvable dans le dossier destination"
ST 045.png,.png,ST 045,exact-normalise,"Correspondance produit trouvée, mais fichier image introuvable dans le dossier destination"
T 2203_black   #1.png,.png,T 2203,exact-sans-couleur,"Correspondance produit trouvée, mais fichier image introuvable dans le dossier destination"
T 2203_black   #2.png,.png,T 2203,exact-sans-couleur,"Correspondance produit trouvée, mais fichier image introuvable dans le dossier destination"
T 2203_black  #3.png,.png,T 2203,exact-sans-couleur,"Correspondance produit trouvée, mais fichier image introuvable dans le dossier destination"
T 2203_black  #4.png,.png,T 2203,exact-sans-couleur,"Correspondance produit trouvée, mais fichier image introuvable dans le dossier destination"
T 2203_white.  #1,.png,T 2203,exact-sans-couleur,"Correspondance produit trouvée, mais fichier image introuvable dans le dossier destination"
T 2203_white.  #2,.png,T 2203,exact-sans-couleur,"Correspondance produit trouvée, mais fichier image introuvable dans le dossier destination"
T 2203_white.  #3,.png,T 2203,exact-sans-couleur,"Correspondance produit trouvée, mais fichier image introuvable dans le dossier destination"
T 2203_white.  #4,.png,T 2203,exact-sans-couleur,"Correspondance produit trouvée, mais fichier image introuvable dans le dossier destination"
