original_name,detected_extension_report,detected_extension_real,matched_reference,normalized_reference,match_method,match_score,image_key,source_file,renamed_file,csv_path
077_.png,.png,.png,077.,077,exact-normalise,100,077,meubles\077_.png,077-001.png,backend/uploads/products/077-001.png
09865_9R.  #1,.png,.png,09865/9R,098659r,exact-normalise,100,098659r,meubles\09865_9R.  #1,09865-9r-001.png,backend/uploads/products/09865-9r-001.png
09865_9R.  #2,.png,.png,09865/9R,098659r,exact-normalise,100,098659r,meubles\09865_9R.  #2,09865-9r-002.png,backend/uploads/products/09865-9r-002.png
09865_9R.  #3,.png,.png,09865/9R,098659r,exact-normalise,100,098659r,meubles\09865_9R.  #3,09865-9r-003.png,backend/uploads/products/09865-9r-003.png
09865_9R.  #4,.png,.png,09865/9R,098659r,exact-normalise,100,098659r,meubles\09865_9R.  #4,09865-9r-004.png,backend/uploads/products/09865-9r-004.png
118.png,.png,.png,118,118,exact-normalise,100,118,meubles\118.png,118-001.png,backend/uploads/products/118-001.png
11813_1 bk. #1,.jpg,.jpg,11813/1 bk,118131bk,exact-normalise,100,118131,meubles\11813_1 bk. #1,11813-1-bk-001.jpg,backend/uploads/products/11813-1-bk-001.jpg
11813_1 bk. #2,.jpg,.jpg,11813/1 bk,118131bk,exact-normalise,100,118131,meubles\11813_1 bk. #2,11813-1-bk-002.jpg,backend/uploads/products/11813-1-bk-002.jpg
11813_1 bk. #3,.jpg,.jpg,11813/1 bk,118131bk,exact-normalise,100,118131,meubles\11813_1 bk. #3,11813-1-bk-003.jpg,backend/uploads/products/11813-1-bk-003.jpg
11813_1 bk. #4,.jpg,.jpg,11813/1 bk,118131bk,exact-normalise,100,118131,meubles\11813_1 bk. #4,11813-1-bk-004.jpg,backend/uploads/products/11813-1-bk-004.jpg
12209.    #1,.jpg,.jpg,12209,12209,exact-normalise,100,12209,meubles\12209.    #1,12209-001.jpg,backend/uploads/products/12209-001.jpg
12209.    #2,.jpg,.jpg,12209,12209,exact-normalise,100,12209,meubles\12209.    #2,12209-002.jpg,backend/uploads/products/12209-002.jpg
12209.    #3,.jpg,.jpg,12209,12209,exact-normalise,100,12209,meubles\12209.    #3,12209-003.jpg,backend/uploads/products/12209-003.jpg
12209.    #4,.jpg,.jpg,12209,12209,exact-normalise,100,12209,meubles\12209.    #4,12209-004.jpg,backend/uploads/products/12209-004.jpg
131.png,.png,.png,131,131,exact-normalise,100,131,meubles\131.png,131-001.png,backend/uploads/products/131-001.png
1701.  #1,.jpg,.jpg,1701,1701,exact-normalise,100,1701,meubles\1701.  #1,1701-001.jpg,backend/uploads/products/1701-001.jpg
1701.  #2,.jpg,.jpg,1701,1701,exact-normalise,100,1701,meubles\1701.  #2,1701-002.jpg,backend/uploads/products/1701-002.jpg
1701.  #3,.jpg,.jpg,1701,1701,exact-normalise,100,1701,meubles\1701.  #3,1701-003.jpg,backend/uploads/products/1701-003.jpg
1701.  #4,.jpg,.jpg,1701,1701,exact-normalise,100,1701,meubles\1701.  #4,1701-004.jpg,backend/uploads/products/1701-004.jpg
171_90.jpg,.jpg,.jpg,171/90,17190,exact-normalise,100,17190,meubles\171_90.jpg,171-90-001.jpg,backend/uploads/products/171-90-001.jpg
173_.jpg,.jpg,.jpg,173.,173,exact-normalise,100,173,meubles\173_.jpg,173-001.jpg,backend/uploads/products/173-001.jpg
2026 F   #1.png,.png,.png,2026 F,2026f,exact-normalise,100,2026f,meubles\2026 F   #1.png,2026-f-001.png,backend/uploads/products/2026-f-001.png
2026 F   #2.png,.png,.png,2026 F,2026f,exact-normalise,100,2026f,meubles\2026 F   #2.png,2026-f-002.png,backend/uploads/products/2026-f-002.png
2026 F   #3.png,.png,.png,2026 F,2026f,exact-normalise,100,2026f,meubles\2026 F   #3.png,2026-f-003.png,backend/uploads/products/2026-f-003.png
2026 F   #4.png,.png,.png,2026 F,2026f,exact-normalise,100,2026f,meubles\2026 F   #4.png,2026-f-004.png,backend/uploads/products/2026-f-004.png
2101_.png,.png,.png,2101.,2101,exact-normalise,100,2101,meubles\2101_.png,2101-001.png,backend/uploads/products/2101-001.png
2128_3-1-2-3.jpg,.jpg,.jpg,2128/3-1-2-3,21283123,exact-normalise,100,21283123,meubles\2128_3-1-2-3.jpg,2128-3-1-2-3-001.jpg,backend/uploads/products/2128-3-1-2-3-001.jpg
21804.png,.png,.png,21804,21804,exact-normalise,100,21804,meubles\21804.png,21804-001.png,backend/uploads/products/21804-001.png
222.png,.png,.png,222,222,exact-normalise,100,222,meubles\222.png,222-001.png,backend/uploads/products/222-001.png
2233_ grey and white. #1,.png,.png,2233,2233,exact-sans-couleur,98,2233,meubles\2233_ grey and white. #1,2233-001.png,backend/uploads/products/2233-001.png
2233_ grey and white. #2,.png,.png,2233,2233,exact-sans-couleur,98,2233,meubles\2233_ grey and white. #2,2233-002.png,backend/uploads/products/2233-002.png
2233_ grey and white. #3,.png,.png,2233,2233,exact-sans-couleur,98,2233,meubles\2233_ grey and white. #3,2233-003.png,backend/uploads/products/2233-003.png
2233_ grey and white. #4,.png,.png,2233,2233,exact-sans-couleur,98,2233,meubles\2233_ grey and white. #4,2233-004.png,backend/uploads/products/2233-004.png
2233_grey.   #1,.png,.png,2233,2233,exact-sans-couleur,98,2233,meubles\2233_grey.   #1,2233-005.png,backend/uploads/products/2233-005.png
2233_grey.   #2,.png,.png,2233,2233,exact-sans-couleur,98,2233,meubles\2233_grey.   #2,2233-006.png,backend/uploads/products/2233-006.png
2233_grey.   #3,.png,.png,2233,2233,exact-sans-couleur,98,2233,meubles\2233_grey.   #3,2233-007.png,backend/uploads/products/2233-007.png
2233_grey.   #4,.png,.png,2233,2233,exact-sans-couleur,98,2233,meubles\2233_grey.   #4,2233-008.png,backend/uploads/products/2233-008.png
2233_white.   #1,.png,.png,2233,2233,exact-sans-couleur,98,2233,meubles\2233_white.   #1,2233-009.png,backend/uploads/products/2233-009.png
2233_white.   #2,.png,.png,2233,2233,exact-sans-couleur,98,2233,meubles\2233_white.   #2,2233-010.png,backend/uploads/products/2233-010.png
2233_white.   #3,.png,.png,2233,2233,exact-sans-couleur,98,2233,meubles\2233_white.   #3,2233-011.png,backend/uploads/products/2233-011.png
2233_white.   #4,.png,.png,2233,2233,exact-sans-couleur,98,2233,meubles\2233_white.   #4,2233-012.png,backend/uploads/products/2233-012.png
2309.jpg,.jpg,.jpg,2309,2309,exact-normalise,100,2309,meubles\2309.jpg,2309-001.jpg,backend/uploads/products/2309-001.jpg
2310.png,.png,.png,2310,2310,exact-normalise,100,2310,meubles\2310.png,2310-001.png,backend/uploads/products/2310-001.png
2377.png,.png,.png,2377,2377,exact-normalise,100,2377,meubles\2377.png,2377-001.png,backend/uploads/products/2377-001.png
2408.png,.png,.png,2408,2408,exact-normalise,100,2408,meubles\2408.png,2408-001.png,backend/uploads/products/2408-001.png
2442.   #1,.jpg,.jpg,2442,2442,exact-normalise,100,2442,meubles\2442.   #1,2442-001.jpg,backend/uploads/products/2442-001.jpg
2442.   #2,.jpg,.jpg,2442,2442,exact-normalise,100,2442,meubles\2442.   #2,2442-002.jpg,backend/uploads/products/2442-002.jpg
2442.   #3,.jpg,.jpg,2442,2442,exact-normalise,100,2442,meubles\2442.   #3,2442-003.jpg,backend/uploads/products/2442-003.jpg
2442.   #4,.jpg,.jpg,2442,2442,exact-normalise,100,2442,meubles\2442.   #4,2442-004.jpg,backend/uploads/products/2442-004.jpg
2443.   #1,.jpg,.jpg,2443,2443,exact-normalise,100,2443,meubles\2443.   #1,2443-001.jpg,backend/uploads/products/2443-001.jpg
2443.   #2,.jpg,.jpg,2443,2443,exact-normalise,100,2443,meubles\2443.   #2,2443-002.jpg,backend/uploads/products/2443-002.jpg
2443.   #3,.jpg,.jpg,2443,2443,exact-normalise,100,2443,meubles\2443.   #3,2443-003.jpg,backend/uploads/products/2443-003.jpg
2443.   #4,.png,.png,2443,2443,exact-normalise,100,2443,meubles\2443.   #4,2443-004.png,backend/uploads/products/2443-004.png
2462 (purple).jpg,.jpg,.jpg,2462,2462,exact-sans-couleur,98,2462,meubles\2462 (purple).jpg,2462-001.jpg,backend/uploads/products/2462-001.jpg
2462 (yellow).jpg,.jpg,.jpg,2462,2462,exact-sans-couleur,98,2462,meubles\2462 (yellow).jpg,2462-002.jpg,backend/uploads/products/2462-002.jpg
2503 (black).png,.png,.png,2503,2503,exact-sans-couleur,98,2503,meubles\2503 (black).png,2503-001.png,backend/uploads/products/2503-001.png
2503 (white).jpg,.jpg,.jpg,2503,2503,exact-sans-couleur,98,2503,meubles\2503 (white).jpg,2503-002.jpg,backend/uploads/products/2503-002.jpg
2557.jpg,.jpg,.jpg,2557,2557,exact-normalise,100,2557,meubles\2557.jpg,2557-001.jpg,backend/uploads/products/2557-001.jpg
2569.png,.png,.png,2569,2569,exact-normalise,100,2569,meubles\2569.png,2569-001.png,backend/uploads/products/2569-001.png
2570.jpg,.jpg,.jpg,2570,2570,exact-normalise,100,2570,meubles\2570.jpg,2570-001.jpg,backend/uploads/products/2570-001.jpg
2572.jpg,.jpg,.jpg,2572,2572,exact-normalise,100,2572,meubles\2572.jpg,2572-001.jpg,backend/uploads/products/2572-001.jpg
2587.jpg,.jpg,.jpg,2587,2587,exact-normalise,100,2587,meubles\2587.jpg,2587-001.jpg,backend/uploads/products/2587-001.jpg
2593.jpg,.jpg,.jpg,2593,2593,exact-normalise,100,2593,meubles\2593.jpg,2593-001.jpg,backend/uploads/products/2593-001.jpg
2594.jpg,.jpg,.jpg,2594,2594,exact-normalise,100,2594,meubles\2594.jpg,2594-001.jpg,backend/uploads/products/2594-001.jpg
2595.jpg,.jpg,.jpg,2595,2595,exact-normalise,100,2595,meubles\2595.jpg,2595-001.jpg,backend/uploads/products/2595-001.jpg
2597_98_99.jpg,.jpg,.jpg,2597/98/99,25979899,exact-normalise,100,25979899,meubles\2597_98_99.jpg,2597-98-99-001.jpg,backend/uploads/products/2597-98-99-001.jpg
2615_3-1-2-3.jpg,.jpg,.jpg,2615/3-1-2-3,26153123,exact-normalise,100,26153123,meubles\2615_3-1-2-3.jpg,2615-3-1-2-3-001.jpg,backend/uploads/products/2615-3-1-2-3-001.jpg
2626_2-1-2.png,.png,.png,2626/2-1-2,2626212,exact-normalise,100,2626212,meubles\2626_2-1-2.png,2626-2-1-2-001.png,backend/uploads/products/2626-2-1-2-001.png
2644.    #1,.png,.png,2644,2644,exact-normalise,100,2644,meubles\2644.    #1,2644-001.png,backend/uploads/products/2644-001.png
2644.    #2,.png,.png,2644,2644,exact-normalise,100,2644,meubles\2644.    #2,2644-002.png,backend/uploads/products/2644-002.png
2644.    #3,.png,.png,2644,2644,exact-normalise,100,2644,meubles\2644.    #3,2644-003.png,backend/uploads/products/2644-003.png
2644.    #4,.png,.png,2644,2644,exact-normalise,100,2644,meubles\2644.    #4,2644-004.png,backend/uploads/products/2644-004.png
2644.   #1,.jpg,.jpg,2644,2644,exact-normalise,100,2644,meubles\2644.   #1,2644-005.jpg,backend/uploads/products/2644-005.jpg
2644.   #2,.jpg,.jpg,2644,2644,exact-normalise,100,2644,meubles\2644.   #2,2644-006.jpg,backend/uploads/products/2644-006.jpg
2644.   #3,.jpg,.jpg,2644,2644,exact-normalise,100,2644,meubles\2644.   #3,2644-007.jpg,backend/uploads/products/2644-007.jpg
2644.   #4,.png,.png,2644,2644,exact-normalise,100,2644,meubles\2644.   #4,2644-008.png,backend/uploads/products/2644-008.png
2645.   #1,.png,.png,2645,2645,exact-normalise,100,2645,meubles\2645.   #1,2645-001.png,backend/uploads/products/2645-001.png
2645.   #2,.png,.png,2645,2645,exact-normalise,100,2645,meubles\2645.   #2,2645-002.png,backend/uploads/products/2645-002.png
2645.   #3,.png,.png,2645,2645,exact-normalise,100,2645,meubles\2645.   #3,2645-003.png,backend/uploads/products/2645-003.png
2645.   #4,.png,.png,2645,2645,exact-normalise,100,2645,meubles\2645.   #4,2645-004.png,backend/uploads/products/2645-004.png
2647.  #1,.jpg,.jpg,2647,2647,exact-normalise,100,2647,meubles\2647.  #1,2647-001.jpg,backend/uploads/products/2647-001.jpg
2647.  #2,.jpg,.jpg,2647,2647,exact-normalise,100,2647,meubles\2647.  #2,2647-002.jpg,backend/uploads/products/2647-002.jpg
2647.  #3,.jpg,.jpg,2647,2647,exact-normalise,100,2647,meubles\2647.  #3,2647-003.jpg,backend/uploads/products/2647-003.jpg
2647.  #4,.jpg,.jpg,2647,2647,exact-normalise,100,2647,meubles\2647.  #4,2647-004.jpg,backend/uploads/products/2647-004.jpg
2684.  #1,.jpg,.jpg,2684,2684,exact-normalise,100,2684,meubles\2684.  #1,2684-001.jpg,backend/uploads/products/2684-001.jpg
2684.  #2,.jpg,.jpg,2684,2684,exact-normalise,100,2684,meubles\2684.  #2,2684-002.jpg,backend/uploads/products/2684-002.jpg
2684.  #3,.jpg,.jpg,2684,2684,exact-normalise,100,2684,meubles\2684.  #3,2684-003.jpg,backend/uploads/products/2684-003.jpg
2684.  #4,.png,.png,2684,2684,exact-normalise,100,2684,meubles\2684.  #4,2684-004.png,backend/uploads/products/2684-004.png
2686.   #1,.jpg,.jpg,2686,2686,exact-normalise,100,2686,meubles\2686.   #1,2686-001.jpg,backend/uploads/products/2686-001.jpg
2686.   #2,.jpg,.jpg,2686,2686,exact-normalise,100,2686,meubles\2686.   #2,2686-002.jpg,backend/uploads/products/2686-002.jpg
2686.   #3,.jpg,.jpg,2686,2686,exact-normalise,100,2686,meubles\2686.   #3,2686-003.jpg,backend/uploads/products/2686-003.jpg
2686.   #4,.jpg,.jpg,2686,2686,exact-normalise,100,2686,meubles\2686.   #4,2686-004.jpg,backend/uploads/products/2686-004.jpg
2688.   #1,.jpg,.jpg,2688,2688,exact-normalise,100,2688,meubles\2688.   #1,2688-001.jpg,backend/uploads/products/2688-001.jpg
2688.   #2,.jpg,.jpg,2688,2688,exact-normalise,100,2688,meubles\2688.   #2,2688-002.jpg,backend/uploads/products/2688-002.jpg
2688.   #3,.jpg,.jpg,2688,2688,exact-normalise,100,2688,meubles\2688.   #3,2688-003.jpg,backend/uploads/products/2688-003.jpg
2688.   #4,.jpg,.jpg,2688,2688,exact-normalise,100,2688,meubles\2688.   #4,2688-004.jpg,backend/uploads/products/2688-004.jpg
269.jpg,.jpg,.jpg,269.,269,exact-normalise,100,269,meubles\269.jpg,269-001.jpg,backend/uploads/products/269-001.jpg
269_.png,.png,.png,269.,269,exact-normalise,100,269,meubles\269_.png,269-002.png,backend/uploads/products/269-002.png
2701_02.jpg,.jpg,.jpg,2701/02,270102,exact-normalise,100,270102,meubles\2701_02.jpg,2701-02-001.jpg,backend/uploads/products/2701-02-001.jpg
2702_03.jpg,.jpg,.jpg,2702/03,270203,exact-normalise,100,270203,meubles\2702_03.jpg,2702-03-001.jpg,backend/uploads/products/2702-03-001.jpg
2707_08.jpg,.jpg,.jpg,2707/08,270708,exact-normalise,100,270708,meubles\2707_08.jpg,2707-08-001.jpg,backend/uploads/products/2707-08-001.jpg
2724_2-1-2.jpg,.jpg,.jpg,2724/2-1-2,2724212,exact-normalise,100,2724212,meubles\2724_2-1-2.jpg,2724-2-1-2-001.jpg,backend/uploads/products/2724-2-1-2-001.jpg
2726_2-1-2.jpg,.jpg,.jpg,2726/2-1-2,2726212,exact-normalise,100,2726212,meubles\2726_2-1-2.jpg,2726-2-1-2-001.jpg,backend/uploads/products/2726-2-1-2-001.jpg
2728_2-1-2.jpg,.jpg,.jpg,2728/2-1-2,2728212,exact-normalise,100,2728212,meubles\2728_2-1-2.jpg,2728-2-1-2-001.jpg,backend/uploads/products/2728-2-1-2-001.jpg
2729.jpg,.jpg,.jpg,2729,2729,exact-normalise,100,2729,meubles\2729.jpg,2729-001.jpg,backend/uploads/products/2729-001.jpg
2733(1).jpg,.jpg,.jpg,2733,2733,numero-principal-unique,88,27331,meubles\2733(1).jpg,2733-001.jpg,backend/uploads/products/2733-001.jpg
2733.jpg,.jpg,.jpg,2733,2733,exact-normalise,100,2733,meubles\2733.jpg,2733-002.jpg,backend/uploads/products/2733-002.jpg
2734.png,.png,.png,2734,2734,exact-normalise,100,2734,meubles\2734.png,2734-001.png,backend/uploads/products/2734-001.png
2738.png,.png,.png,2738,2738,exact-normalise,100,2738,meubles\2738.png,2738-001.png,backend/uploads/products/2738-001.png
2739.png,.png,.png,2739,2739,exact-normalise,100,2739,meubles\2739.png,2739-001.png,backend/uploads/products/2739-001.png
2740.   #1,.jpg,.jpg,2740,2740,exact-normalise,100,2740,meubles\2740.   #1,2740-001.jpg,backend/uploads/products/2740-001.jpg
2741.  #1,.jpg,.jpg,2741,2741,exact-normalise,100,2741,meubles\2741.  #1,2741-001.jpg,backend/uploads/products/2741-001.jpg
2741.  #2,.jpg,.jpg,2741,2741,exact-normalise,100,2741,meubles\2741.  #2,2741-002.jpg,backend/uploads/products/2741-002.jpg
2741.  #3,.png,.png,2741,2741,exact-normalise,100,2741,meubles\2741.  #3,2741-003.png,backend/uploads/products/2741-003.png
2741.  #4,.jpg,.jpg,2741,2741,exact-normalise,100,2741,meubles\2741.  #4,2741-004.jpg,backend/uploads/products/2741-004.jpg
2742.jpg,.jpg,.jpg,2742,2742,exact-normalise,100,2742,meubles\2742.jpg,2742-001.jpg,backend/uploads/products/2742-001.jpg
2746.   #1,.jpg,.jpg,2746,2746,exact-normalise,100,2746,meubles\2746.   #1,2746-001.jpg,backend/uploads/products/2746-001.jpg
2746.   #2,.jpg,.jpg,2746,2746,exact-normalise,100,2746,meubles\2746.   #2,2746-002.jpg,backend/uploads/products/2746-002.jpg
2746.   #3,.jpg,.jpg,2746,2746,exact-normalise,100,2746,meubles\2746.   #3,2746-003.jpg,backend/uploads/products/2746-003.jpg
2746.   #4,.jpg,.jpg,2746,2746,exact-normalise,100,2746,meubles\2746.   #4,2746-004.jpg,backend/uploads/products/2746-004.jpg
2747 (white and black).png,.png,.png,2747,2747,exact-sans-couleur,98,2747,meubles\2747 (white and black).png,2747-001.png,backend/uploads/products/2747-001.png
2747.   #1,.png,.png,2747,2747,exact-normalise,100,2747,meubles\2747.   #1,2747-002.png,backend/uploads/products/2747-002.png
2747.   #2,.jpg,.jpg,2747,2747,exact-normalise,100,2747,meubles\2747.   #2,2747-003.jpg,backend/uploads/products/2747-003.jpg
2747.   #3,.png,.png,2747,2747,exact-normalise,100,2747,meubles\2747.   #3,2747-004.png,backend/uploads/products/2747-004.png
2747.   #4,.jpg,.jpg,2747,2747,exact-normalise,100,2747,meubles\2747.   #4,2747-005.jpg,backend/uploads/products/2747-005.jpg
2749.   #1,.png,.png,2749,2749,exact-normalise,100,2749,meubles\2749.   #1,2749-001.png,backend/uploads/products/2749-001.png
2749.jpg,.jpg,.jpg,2749,2749,exact-normalise,100,2749,meubles\2749.jpg,2749-002.jpg,backend/uploads/products/2749-002.jpg
2750.   #1,.png,.png,2750,2750,exact-normalise,100,2750,meubles\2750.   #1,2750-001.png,backend/uploads/products/2750-001.png
2750.   #2,.png,.png,2750,2750,exact-normalise,100,2750,meubles\2750.   #2,2750-002.png,backend/uploads/products/2750-002.png
2750.   #3,.png,.png,2750,2750,exact-normalise,100,2750,meubles\2750.   #3,2750-003.png,backend/uploads/products/2750-003.png
2750.   #4,.png,.png,2750,2750,exact-normalise,100,2750,meubles\2750.   #4,2750-004.png,backend/uploads/products/2750-004.png
2750.png,.png,.png,2750,2750,exact-normalise,100,2750,meubles\2750.png,2750-005.png,backend/uploads/products/2750-005.png
2754 (blue and green).jpg,.jpg,.jpg,2754,2754,exact-sans-couleur,98,2754,meubles\2754 (blue and green).jpg,2754-001.jpg,backend/uploads/products/2754-001.jpg
2760_2-2.jpg,.jpg,.jpg,2760/2-2,276022,exact-normalise,100,276022,meubles\2760_2-2.jpg,2760-2-2-001.jpg,backend/uploads/products/2760-2-2-001.jpg
2777 (white).png,.png,.png,2777,2777,exact-sans-couleur,98,2777,meubles\2777 (white).png,2777-001.png,backend/uploads/products/2777-001.png
2777.png,.png,.png,2777,2777,exact-normalise,100,2777,meubles\2777.png,2777-002.png,backend/uploads/products/2777-002.png
2780 (blue).png,.png,.png,2780,2780,exact-sans-couleur,98,2780,meubles\2780 (blue).png,2780-001.png,backend/uploads/products/2780-001.png
2780 (green).png,.png,.png,2780,2780,exact-sans-couleur,98,2780,meubles\2780 (green).png,2780-002.png,backend/uploads/products/2780-002.png
2780 (purple).png,.png,.png,2780,2780,exact-sans-couleur,98,2780,meubles\2780 (purple).png,2780-003.png,backend/uploads/products/2780-003.png
2781.jpg,.jpg,.jpg,2781,2781,exact-normalise,100,2781,meubles\2781.jpg,2781-001.jpg,backend/uploads/products/2781-001.jpg
2792_2-1-2.jpg,.jpg,.jpg,2792/2-1-2,2792212,exact-normalise,100,2792212,meubles\2792_2-1-2.jpg,2792-2-1-2-001.jpg,backend/uploads/products/2792-2-1-2-001.jpg
2797.png,.png,.png,2797,2797,exact-normalise,100,2797,meubles\2797.png,2797-001.png,backend/uploads/products/2797-001.png
2799.jpg,.jpg,.jpg,2799,2799,exact-normalise,100,2799,meubles\2799.jpg,2799-001.jpg,backend/uploads/products/2799-001.jpg
2802.jpg,.jpg,.jpg,2802,2802,exact-normalise,100,2802,meubles\2802.jpg,2802-001.jpg,backend/uploads/products/2802-001.jpg
2804.jpg,.jpg,.jpg,2804,2804,exact-normalise,100,2804,meubles\2804.jpg,2804-001.jpg,backend/uploads/products/2804-001.jpg
2811.png,.png,.png,2811,2811,exact-normalise,100,2811,meubles\2811.png,2811-001.png,backend/uploads/products/2811-001.png
2813.jpg,.jpg,.jpg,2813,2813,exact-normalise,100,2813,meubles\2813.jpg,2813-001.jpg,backend/uploads/products/2813-001.jpg
2814.jpg,.jpg,.jpg,2814,2814,exact-normalise,100,2814,meubles\2814.jpg,2814-001.jpg,backend/uploads/products/2814-001.jpg
2815.jpg,.jpg,.jpg,2815,2815,exact-normalise,100,2815,meubles\2815.jpg,2815-001.jpg,backend/uploads/products/2815-001.jpg
2816.jpg,.jpg,.jpg,2816,2816,exact-normalise,100,2816,meubles\2816.jpg,2816-001.jpg,backend/uploads/products/2816-001.jpg
2817_3-1-2-3.  #1,.png,.png,2817/3-1-2-3,28173123,exact-normalise,100,28173123,meubles\2817_3-1-2-3.  #1,2817-3-1-2-3-001.png,backend/uploads/products/2817-3-1-2-3-001.png
2817_3-1-2-3.  #2,.png,.png,2817/3-1-2-3,28173123,exact-normalise,100,28173123,meubles\2817_3-1-2-3.  #2,2817-3-1-2-3-002.png,backend/uploads/products/2817-3-1-2-3-002.png
2817_3-1-2-3.  #3,.png,.png,2817/3-1-2-3,28173123,exact-normalise,100,28173123,meubles\2817_3-1-2-3.  #3,2817-3-1-2-3-003.png,backend/uploads/products/2817-3-1-2-3-003.png
2817_3-1-2-3.  #4,.png,.png,2817/3-1-2-3,28173123,exact-normalise,100,28173123,meubles\2817_3-1-2-3.  #4,2817-3-1-2-3-004.png,backend/uploads/products/2817-3-1-2-3-004.png
2820_2-1-2.   #1,.png,.png,2820/2-1-2,2820212,exact-normalise,100,2820212,meubles\2820_2-1-2.   #1,2820-2-1-2-001.png,backend/uploads/products/2820-2-1-2-001.png
2820_2-1-2.   #2,.png,.png,2820/2-1-2,2820212,exact-normalise,100,2820212,meubles\2820_2-1-2.   #2,2820-2-1-2-002.png,backend/uploads/products/2820-2-1-2-002.png
2820_2-1-2.   #3,.png,.png,2820/2-1-2,2820212,exact-normalise,100,2820212,meubles\2820_2-1-2.   #3,2820-2-1-2-003.png,backend/uploads/products/2820-2-1-2-003.png
2820_2-1-2.   #4,.png,.png,2820/2-1-2,2820212,exact-normalise,100,2820212,meubles\2820_2-1-2.   #4,2820-2-1-2-004.png,backend/uploads/products/2820-2-1-2-004.png
2829.jpg,.jpg,.jpg,2829,2829,exact-normalise,100,2829,meubles\2829.jpg,2829-001.jpg,backend/uploads/products/2829-001.jpg
2831_2-2.  #1,.jpg,.jpg,2831/2-2,283122,exact-normalise,100,283122,meubles\2831_2-2.  #1,2831-2-2-001.jpg,backend/uploads/products/2831-2-2-001.jpg
2831_2-2.  #2,.jpg,.jpg,2831/2-2,283122,exact-normalise,100,283122,meubles\2831_2-2.  #2,2831-2-2-002.jpg,backend/uploads/products/2831-2-2-002.jpg
2831_2-2.  #3,.jpg,.jpg,2831/2-2,283122,exact-normalise,100,283122,meubles\2831_2-2.  #3,2831-2-2-003.jpg,backend/uploads/products/2831-2-2-003.jpg
2831_2-2.  #4,.png,.png,2831/2-2,283122,exact-normalise,100,283122,meubles\2831_2-2.  #4,2831-2-2-004.png,backend/uploads/products/2831-2-2-004.png
2833_2-2.    #1,.jpg,.jpg,2833/2-2,283322,exact-normalise,100,283322,meubles\2833_2-2.    #1,2833-2-2-001.jpg,backend/uploads/products/2833-2-2-001.jpg
2833_2-2.    #2,.jpg,.jpg,2833/2-2,283322,exact-normalise,100,283322,meubles\2833_2-2.    #2,2833-2-2-002.jpg,backend/uploads/products/2833-2-2-002.jpg
2833_2-2.    #3,.jpg,.jpg,2833/2-2,283322,exact-normalise,100,283322,meubles\2833_2-2.    #3,2833-2-2-003.jpg,backend/uploads/products/2833-2-2-003.jpg
2833_2-2.    #4,.jpg,.jpg,2833/2-2,283322,exact-normalise,100,283322,meubles\2833_2-2.    #4,2833-2-2-004.jpg,backend/uploads/products/2833-2-2-004.jpg
2835.   #1,.jpg,.jpg,2835,2835,exact-normalise,100,2835,meubles\2835.   #1,2835-001.jpg,backend/uploads/products/2835-001.jpg
2835.   #2,.jpg,.jpg,2835,2835,exact-normalise,100,2835,meubles\2835.   #2,2835-002.jpg,backend/uploads/products/2835-002.jpg
2835.   #3,.jpg,.jpg,2835,2835,exact-normalise,100,2835,meubles\2835.   #3,2835-003.jpg,backend/uploads/products/2835-003.jpg
2835.   #4,.jpg,.jpg,2835,2835,exact-normalise,100,2835,meubles\2835.   #4,2835-004.jpg,backend/uploads/products/2835-004.jpg
2844.jpg,.jpg,.jpg,2844,2844,exact-normalise,100,2844,meubles\2844.jpg,2844-001.jpg,backend/uploads/products/2844-001.jpg
2845.jpg,.jpg,.jpg,2845,2845,exact-normalise,100,2845,meubles\2845.jpg,2845-001.jpg,backend/uploads/products/2845-001.jpg
2846.png,.png,.png,2846,2846,exact-normalise,100,2846,meubles\2846.png,2846-001.png,backend/uploads/products/2846-001.png
2847.png,.png,.png,2847,2847,exact-normalise,100,2847,meubles\2847.png,2847-001.png,backend/uploads/products/2847-001.png
2848.png,.png,.png,2848,2848,exact-normalise,100,2848,meubles\2848.png,2848-001.png,backend/uploads/products/2848-001.png
2858.   #1,.jpg,.jpg,2858,2858,exact-normalise,100,2858,meubles\2858.   #1,2858-001.jpg,backend/uploads/products/2858-001.jpg
2858.   #2,.jpg,.jpg,2858,2858,exact-normalise,100,2858,meubles\2858.   #2,2858-002.jpg,backend/uploads/products/2858-002.jpg
2858.   #3,.jpg,.jpg,2858,2858,exact-normalise,100,2858,meubles\2858.   #3,2858-003.jpg,backend/uploads/products/2858-003.jpg
2858.   #4,.jpg,.jpg,2858,2858,exact-normalise,100,2858,meubles\2858.   #4,2858-004.jpg,backend/uploads/products/2858-004.jpg
2863.   #1,.png,.png,2863,2863,exact-normalise,100,2863,meubles\2863.   #1,2863-001.png,backend/uploads/products/2863-001.png
2863.   #2,.png,.png,2863,2863,exact-normalise,100,2863,meubles\2863.   #2,2863-002.png,backend/uploads/products/2863-002.png
2863.   #3,.png,.png,2863,2863,exact-normalise,100,2863,meubles\2863.   #3,2863-003.png,backend/uploads/products/2863-003.png
2863.   #4,.png,.png,2863,2863,exact-normalise,100,2863,meubles\2863.   #4,2863-004.png,backend/uploads/products/2863-004.png
2864(1).   #1,.jpg,.jpg,2864,2864,numero-principal-unique,88,28641,meubles\2864(1).   #1,2864-001.jpg,backend/uploads/products/2864-001.jpg
2864(1).   #2,.jpg,.jpg,2864,2864,numero-principal-unique,88,28641,meubles\2864(1).   #2,2864-002.jpg,backend/uploads/products/2864-002.jpg
2864(1).   #3,.jpg,.jpg,2864,2864,numero-principal-unique,88,28641,meubles\2864(1).   #3,2864-003.jpg,backend/uploads/products/2864-003.jpg
2864(1).   #4,.jpg,.jpg,2864,2864,numero-principal-unique,88,28641,meubles\2864(1).   #4,2864-004.jpg,backend/uploads/products/2864-004.jpg
2864.   #1,.jpg,.jpg,2864,2864,exact-normalise,100,2864,meubles\2864.   #1,2864-005.jpg,backend/uploads/products/2864-005.jpg
2864.   #2,.jpg,.jpg,2864,2864,exact-normalise,100,2864,meubles\2864.   #2,2864-006.jpg,backend/uploads/products/2864-006.jpg
2864.   #3,.jpg,.jpg,2864,2864,exact-normalise,100,2864,meubles\2864.   #3,2864-007.jpg,backend/uploads/products/2864-007.jpg
2864.   #4,.jpg,.jpg,2864,2864,exact-normalise,100,2864,meubles\2864.   #4,2864-008.jpg,backend/uploads/products/2864-008.jpg
2865.   #1,.jpg,.jpg,2865,2865,exact-normalise,100,2865,meubles\2865.   #1,2865-001.jpg,backend/uploads/products/2865-001.jpg
2865.   #2,.jpg,.jpg,2865,2865,exact-normalise,100,2865,meubles\2865.   #2,2865-002.jpg,backend/uploads/products/2865-002.jpg
2865.   #3,.jpg,.jpg,2865,2865,exact-normalise,100,2865,meubles\2865.   #3,2865-003.jpg,backend/uploads/products/2865-003.jpg
2865.   #4,.jpg,.jpg,2865,2865,exact-normalise,100,2865,meubles\2865.   #4,2865-004.jpg,backend/uploads/products/2865-004.jpg
2866.    #1,.jpg,.jpg,2866,2866,exact-normalise,100,2866,meubles\2866.    #1,2866-001.jpg,backend/uploads/products/2866-001.jpg
2866.    #2,.jpg,.jpg,2866,2866,exact-normalise,100,2866,meubles\2866.    #2,2866-002.jpg,backend/uploads/products/2866-002.jpg
2866.    #3,.jpg,.jpg,2866,2866,exact-normalise,100,2866,meubles\2866.    #3,2866-003.jpg,backend/uploads/products/2866-003.jpg
2866.    #4,.jpg,.jpg,2866,2866,exact-normalise,100,2866,meubles\2866.    #4,2866-004.jpg,backend/uploads/products/2866-004.jpg
2866.   #1,.jpg,.jpg,2866,2866,exact-normalise,100,2866,meubles\2866.   #1,2866-005.jpg,backend/uploads/products/2866-005.jpg
2866.   #2,.jpg,.jpg,2866,2866,exact-normalise,100,2866,meubles\2866.   #2,2866-006.jpg,backend/uploads/products/2866-006.jpg
2866.   #3,.jpg,.jpg,2866,2866,exact-normalise,100,2866,meubles\2866.   #3,2866-007.jpg,backend/uploads/products/2866-007.jpg
2866.   #4,.jpg,.jpg,2866,2866,exact-normalise,100,2866,meubles\2866.   #4,2866-008.jpg,backend/uploads/products/2866-008.jpg
2868.   #1,.jpg,.jpg,2868,2868,exact-normalise,100,2868,meubles\2868.   #1,2868-001.jpg,backend/uploads/products/2868-001.jpg
2868.   #2,.jpg,.jpg,2868,2868,exact-normalise,100,2868,meubles\2868.   #2,2868-002.jpg,backend/uploads/products/2868-002.jpg
2868.   #3,.jpg,.jpg,2868,2868,exact-normalise,100,2868,meubles\2868.   #3,2868-003.jpg,backend/uploads/products/2868-003.jpg
2868.   #4,.jpg,.jpg,2868,2868,exact-normalise,100,2868,meubles\2868.   #4,2868-004.jpg,backend/uploads/products/2868-004.jpg
2868.jpg,.jpg,.jpg,2868,2868,exact-normalise,100,2868,meubles\2868.jpg,2868-005.jpg,backend/uploads/products/2868-005.jpg
2880_2-1-2.jpg,.jpg,.jpg,2880/2-1-2,2880212,exact-normalise,100,2880212,meubles\2880_2-1-2.jpg,2880-2-1-2-001.jpg,backend/uploads/products/2880-2-1-2-001.jpg
2884_2-1-2.jpg,.jpg,.jpg,2884/2-1-2,2884212,exact-normalise,100,2884212,meubles\2884_2-1-2.jpg,2884-2-1-2-001.jpg,backend/uploads/products/2884-2-1-2-001.jpg
2886_2-1-2.jpg,.jpg,.jpg,2886/2-1-2,2886212,exact-normalise,100,2886212,meubles\2886_2-1-2.jpg,2886-2-1-2-001.jpg,backend/uploads/products/2886-2-1-2-001.jpg
2890_2-1-2.jpg,.jpg,.jpg,2890/2-1-2,2890212,exact-normalise,100,2890212,meubles\2890_2-1-2.jpg,2890-2-1-2-001.jpg,backend/uploads/products/2890-2-1-2-001.jpg
2924.jpg,.jpg,.jpg,2924,2924,exact-normalise,100,2924,meubles\2924.jpg,2924-001.jpg,backend/uploads/products/2924-001.jpg
2925.jpg,.jpg,.jpg,2925,2925,exact-normalise,100,2925,meubles\2925.jpg,2925-001.jpg,backend/uploads/products/2925-001.jpg
2941_3-1-2-3.jpg,.jpg,.jpg,2941/3-1-2-3,29413123,exact-normalise,100,29413123,meubles\2941_3-1-2-3.jpg,2941-3-1-2-3-001.jpg,backend/uploads/products/2941-3-1-2-3-001.jpg
3023.jpg,.jpg,.jpg,3023,3023,exact-normalise,100,3023,meubles\3023.jpg,3023-001.jpg,backend/uploads/products/3023-001.jpg
3029_90x35.   #1,.png,.png,3029/90×35,302990x35,exact-normalise,100,302990x35,meubles\3029_90x35.   #1,3029-90-35-001.png,backend/uploads/products/3029-90-35-001.png
3029_90x35.   #2,.png,.png,3029/90×35,302990x35,exact-normalise,100,302990x35,meubles\3029_90x35.   #2,3029-90-35-002.png,backend/uploads/products/3029-90-35-002.png
3029_90x35.   #3,.png,.png,3029/90×35,302990x35,exact-normalise,100,302990x35,meubles\3029_90x35.   #3,3029-90-35-003.png,backend/uploads/products/3029-90-35-003.png
3029_90x35.   #4,.png,.png,3029/90×35,302990x35,exact-normalise,100,302990x35,meubles\3029_90x35.   #4,3029-90-35-004.png,backend/uploads/products/3029-90-35-004.png
3030.jpg,.jpg,.jpg,3030,3030,exact-normalise,100,3030,meubles\3030.jpg,3030-001.jpg,backend/uploads/products/3030-001.jpg
3073_74_75.png,.png,.png,3073/74/75,30737475,exact-normalise,100,30737475,meubles\3073_74_75.png,3073-74-75-001.png,backend/uploads/products/3073-74-75-001.png
3076_77.jpg,.jpg,.jpg,3076/77,307677,exact-normalise,100,307677,meubles\3076_77.jpg,3076-77-001.jpg,backend/uploads/products/3076-77-001.jpg
3080.jpg,.jpg,.jpg,3080,3080,exact-normalise,100,3080,meubles\3080.jpg,3080-001.jpg,backend/uploads/products/3080-001.jpg
3085.jpg,.jpg,.jpg,3085,3085,exact-normalise,100,3085,meubles\3085.jpg,3085-001.jpg,backend/uploads/products/3085-001.jpg
3119_20_21.png,.png,.png,3119/20/21,31192021,exact-normalise,100,31192021,meubles\3119_20_21.png,3119-20-21-001.png,backend/uploads/products/3119-20-21-001.png
3125.jpg,.jpg,.jpg,3125,3125,exact-normalise,100,3125,meubles\3125.jpg,3125-001.jpg,backend/uploads/products/3125-001.jpg
3126.jpg,.jpg,.jpg,3126,3126,exact-normalise,100,3126,meubles\3126.jpg,3126-001.jpg,backend/uploads/products/3126-001.jpg
3128.png,.png,.png,3128,3128,exact-normalise,100,3128,meubles\3128.png,3128-001.png,backend/uploads/products/3128-001.png
3130.png,.png,.png,3130,3130,exact-normalise,100,3130,meubles\3130.png,3130-001.png,backend/uploads/products/3130-001.png
3133.png,.png,.png,3133,3133,exact-normalise,100,3133,meubles\3133.png,3133-001.png,backend/uploads/products/3133-001.png
3135.png,.png,.png,3135,3135,exact-normalise,100,3135,meubles\3135.png,3135-001.png,backend/uploads/products/3135-001.png
3136.jpg,.jpg,.jpg,3136,3136,exact-normalise,100,3136,meubles\3136.jpg,3136-001.jpg,backend/uploads/products/3136-001.jpg
3138.jpg,.jpg,.jpg,3138,3138,exact-normalise,100,3138,meubles\3138.jpg,3138-001.jpg,backend/uploads/products/3138-001.jpg
3141.jpg,.jpg,.jpg,3141,3141,exact-normalise,100,3141,meubles\3141.jpg,3141-001.jpg,backend/uploads/products/3141-001.jpg
3143.jpg,.jpg,.jpg,3143,3143,exact-normalise,100,3143,meubles\3143.jpg,3143-001.jpg,backend/uploads/products/3143-001.jpg
3144.jpg,.jpg,.jpg,3144,3144,exact-normalise,100,3144,meubles\3144.jpg,3144-001.jpg,backend/uploads/products/3144-001.jpg
3147.jpg,.jpg,.jpg,3147,3147,exact-normalise,100,3147,meubles\3147.jpg,3147-001.jpg,backend/uploads/products/3147-001.jpg
3148.jpg,.jpg,.jpg,3148,3148,exact-normalise,100,3148,meubles\3148.jpg,3148-001.jpg,backend/uploads/products/3148-001.jpg
3150.jpg,.jpg,.jpg,3150,3150,exact-normalise,100,3150,meubles\3150.jpg,3150-001.jpg,backend/uploads/products/3150-001.jpg
3153.jpg,.jpg,.jpg,3153,3153,exact-normalise,100,3153,meubles\3153.jpg,3153-001.jpg,backend/uploads/products/3153-001.jpg
3159.jpg,.jpg,.jpg,3159,3159,exact-normalise,100,3159,meubles\3159.jpg,3159-001.jpg,backend/uploads/products/3159-001.jpg
3160.png,.png,.png,3160,3160,exact-normalise,100,3160,meubles\3160.png,3160-001.png,backend/uploads/products/3160-001.png
3161.jpg,.jpg,.jpg,3161,3161,exact-normalise,100,3161,meubles\3161.jpg,3161-001.jpg,backend/uploads/products/3161-001.jpg
3180.jpg,.jpg,.jpg,3180,3180,exact-normalise,100,3180,meubles\3180.jpg,3180-001.jpg,backend/uploads/products/3180-001.jpg
3202_03_04.jpg,.jpg,.jpg,3202/03/04,32020304,exact-normalise,100,32020304,meubles\3202_03_04.jpg,3202-03-04-001.jpg,backend/uploads/products/3202-03-04-001.jpg
3206.jpg,.jpg,.jpg,3206,3206,exact-normalise,100,3206,meubles\3206.jpg,3206-001.jpg,backend/uploads/products/3206-001.jpg
3207.jpg,.jpg,.jpg,3207,3207,exact-normalise,100,3207,meubles\3207.jpg,3207-001.jpg,backend/uploads/products/3207-001.jpg
3208.jpg,.jpg,.jpg,3208,3208,exact-normalise,100,3208,meubles\3208.jpg,3208-001.jpg,backend/uploads/products/3208-001.jpg
3209.jpg,.jpg,.jpg,3209,3209,exact-normalise,100,3209,meubles\3209.jpg,3209-001.jpg,backend/uploads/products/3209-001.jpg
3237.jpg,.jpg,.jpg,3237,3237,exact-normalise,100,3237,meubles\3237.jpg,3237-001.jpg,backend/uploads/products/3237-001.jpg
3250_51_52.jpg,.jpg,.jpg,3250/51/52,32505152,exact-normalise,100,32505152,meubles\3250_51_52.jpg,3250-51-52-001.jpg,backend/uploads/products/3250-51-52-001.jpg
3275.jpg,.jpg,.jpg,3275,3275,exact-normalise,100,3275,meubles\3275.jpg,3275-001.jpg,backend/uploads/products/3275-001.jpg
3286.jpg,.jpg,.jpg,3286,3286,exact-normalise,100,3286,meubles\3286.jpg,3286-001.jpg,backend/uploads/products/3286-001.jpg
3287.jpg,.jpg,.jpg,3287,3287,exact-normalise,100,3287,meubles\3287.jpg,3287-001.jpg,backend/uploads/products/3287-001.jpg
3290.jpg,.jpg,.jpg,3290,3290,exact-normalise,100,3290,meubles\3290.jpg,3290-001.jpg,backend/uploads/products/3290-001.jpg
3294_95.png,.png,.png,3294/95,329495,exact-normalise,100,329495,meubles\3294_95.png,3294-95-001.png,backend/uploads/products/3294-95-001.png
3373.jpg,.jpg,.jpg,3373,3373,exact-normalise,100,3373,meubles\3373.jpg,3373-001.jpg,backend/uploads/products/3373-001.jpg
3374.jpg,.jpg,.jpg,3374,3374,exact-normalise,100,3374,meubles\3374.jpg,3374-001.jpg,backend/uploads/products/3374-001.jpg
3415.   #1,.jpg,.jpg,3415,3415,exact-normalise,100,3415,meubles\3415.   #1,3415-001.jpg,backend/uploads/products/3415-001.jpg
3415.   #2,.jpg,.jpg,3415,3415,exact-normalise,100,3415,meubles\3415.   #2,3415-002.jpg,backend/uploads/products/3415-002.jpg
3415.   #3,.png,.png,3415,3415,exact-normalise,100,3415,meubles\3415.   #3,3415-003.png,backend/uploads/products/3415-003.png
3415.   #4,.png,.png,3415,3415,exact-normalise,100,3415,meubles\3415.   #4,3415-004.png,backend/uploads/products/3415-004.png
3417.   #1,.jpg,.jpg,3417,3417,exact-normalise,100,3417,meubles\3417.   #1,3417-001.jpg,backend/uploads/products/3417-001.jpg
3417.   #2,.jpg,.jpg,3417,3417,exact-normalise,100,3417,meubles\3417.   #2,3417-002.jpg,backend/uploads/products/3417-002.jpg
3417.   #3,.jpg,.jpg,3417,3417,exact-normalise,100,3417,meubles\3417.   #3,3417-003.jpg,backend/uploads/products/3417-003.jpg
3417.   #4,.jpg,.jpg,3417,3417,exact-normalise,100,3417,meubles\3417.   #4,3417-004.jpg,backend/uploads/products/3417-004.jpg
3418.    #1,.jpg,.jpg,3418,3418,exact-normalise,100,3418,meubles\3418.    #1,3418-001.jpg,backend/uploads/products/3418-001.jpg
3418.    #2,.jpg,.jpg,3418,3418,exact-normalise,100,3418,meubles\3418.    #2,3418-002.jpg,backend/uploads/products/3418-002.jpg
3418.    #3,.jpg,.jpg,3418,3418,exact-normalise,100,3418,meubles\3418.    #3,3418-003.jpg,backend/uploads/products/3418-003.jpg
3418.    #4,.jpg,.jpg,3418,3418,exact-normalise,100,3418,meubles\3418.    #4,3418-004.jpg,backend/uploads/products/3418-004.jpg
3431_32.jpg,.jpg,.jpg,3431/32,343132,exact-normalise,100,343132,meubles\3431_32.jpg,3431-32-001.jpg,backend/uploads/products/3431-32-001.jpg
3433_34.jpg,.jpg,.jpg,3433/34,343334,exact-normalise,100,343334,meubles\3433_34.jpg,3433-34-001.jpg,backend/uploads/products/3433-34-001.jpg
3439_40.jpg,.jpg,.jpg,3439/40,343940,exact-normalise,100,343940,meubles\3439_40.jpg,3439-40-001.jpg,backend/uploads/products/3439-40-001.jpg
3471.jpg,.jpg,.jpg,3471,3471,exact-normalise,100,3471,meubles\3471.jpg,3471-001.jpg,backend/uploads/products/3471-001.jpg
3730_31_32.png,.png,.png,3730/31/32,37303132,exact-normalise,100,37303132,meubles\3730_31_32.png,3730-31-32-001.png,backend/uploads/products/3730-31-32-001.png
3751_52_53.jpg,.jpg,.jpg,3751/52/53,37515253,exact-normalise,100,37515253,meubles\3751_52_53.jpg,3751-52-53-001.jpg,backend/uploads/products/3751-52-53-001.jpg
3780.jpg,.jpg,.jpg,3780,3780,exact-normalise,100,3780,meubles\3780.jpg,3780-001.jpg,backend/uploads/products/3780-001.jpg
3790_.png,.png,.png,3790.,3790,exact-normalise,100,3790,meubles\3790_.png,3790-001.png,backend/uploads/products/3790-001.png
3900.jpg,.jpg,.jpg,3900,3900,exact-normalise,100,3900,meubles\3900.jpg,3900-001.jpg,backend/uploads/products/3900-001.jpg
3901.png,.png,.png,3901,3901,exact-normalise,100,3901,meubles\3901.png,3901-001.png,backend/uploads/products/3901-001.png
3954_.png,.png,.png,3954.,3954,exact-normalise,100,3954,meubles\3954_.png,3954-001.png,backend/uploads/products/3954-001.png
4444.png,.png,.png,4444,4444,exact-normalise,100,4444,meubles\4444.png,4444-001.png,backend/uploads/products/4444-001.png
5021_50.  #1,.png,.png,5021/50,502150,exact-normalise,100,502150,meubles\5021_50.  #1,5021-50-001.png,backend/uploads/products/5021-50-001.png
5021_50.  #2,.png,.png,5021/50,502150,exact-normalise,100,502150,meubles\5021_50.  #2,5021-50-002.png,backend/uploads/products/5021-50-002.png
5021_50.  #3,.png,.png,5021/50,502150,exact-normalise,100,502150,meubles\5021_50.  #3,5021-50-003.png,backend/uploads/products/5021-50-003.png
5021_50.  #4,.png,.png,5021/50,502150,exact-normalise,100,502150,meubles\5021_50.  #4,5021-50-004.png,backend/uploads/products/5021-50-004.png
555.jpg,.jpg,.jpg,555,555,exact-normalise,100,555,meubles\555.jpg,555-001.jpg,backend/uploads/products/555-001.jpg
5585.  #1,.jpg,.jpg,5585,5585,exact-normalise,100,5585,meubles\5585.  #1,5585-001.jpg,backend/uploads/products/5585-001.jpg
5585. #2,.jpg,.jpg,5585,5585,exact-normalise,100,5585,meubles\5585. #2,5585-002.jpg,backend/uploads/products/5585-002.jpg
5585. #3,.jpg,.jpg,5585,5585,exact-normalise,100,5585,meubles\5585. #3,5585-003.jpg,backend/uploads/products/5585-003.jpg
5585. #4,.jpg,.jpg,5585,5585,exact-normalise,100,5585,meubles\5585. #4,5585-004.jpg,backend/uploads/products/5585-004.jpg
589 B.  #1,.png,.png,589 B,589b,exact-normalise,100,589b,meubles\589 B.  #1,589-b-001.png,backend/uploads/products/589-b-001.png
589 B.  #2,.png,.png,589 B,589b,exact-normalise,100,589b,meubles\589 B.  #2,589-b-002.png,backend/uploads/products/589-b-002.png
589 B.  #3,.png,.png,589 B,589b,exact-normalise,100,589b,meubles\589 B.  #3,589-b-003.png,backend/uploads/products/589-b-003.png
589 B.  #4,.png,.png,589 B,589b,exact-normalise,100,589b,meubles\589 B.  #4,589-b-004.png,backend/uploads/products/589-b-004.png
589 f.   #1,.png,.png,589 B,589b,signature-numerique,92,589f,meubles\589 f.   #1,589-b-005.png,backend/uploads/products/589-b-005.png
589 f.   #2,.png,.png,589 B,589b,signature-numerique,92,589f,meubles\589 f.   #2,589-b-006.png,backend/uploads/products/589-b-006.png
589 f.   #3,.png,.png,589 B,589b,signature-numerique,92,589f,meubles\589 f.   #3,589-b-007.png,backend/uploads/products/589-b-007.png
589 f.   #4,.png,.png,589 B,589b,signature-numerique,92,589f,meubles\589 f.   #4,589-b-008.png,backend/uploads/products/589-b-008.png
7029.jpg,.jpg,.jpg,7029,7029,exact-normalise,100,7029,meubles\7029.jpg,7029-001.jpg,backend/uploads/products/7029-001.jpg
7317_18.jpg,.jpg,.jpg,7317/18,731718,exact-normalise,100,731718,meubles\7317_18.jpg,7317-18-001.jpg,backend/uploads/products/7317-18-001.jpg
7326.jpg,.jpg,.jpg,7326,7326,exact-normalise,100,7326,meubles\7326.jpg,7326-001.jpg,backend/uploads/products/7326-001.jpg
7415_16_17.jpg,.jpg,.jpg,7415/16/17,74151617,exact-normalise,100,74151617,meubles\7415_16_17.jpg,7415-16-17-001.jpg,backend/uploads/products/7415-16-17-001.jpg
7427_28_29.jpg,.jpg,.jpg,7427/28/29,74272829,exact-normalise,100,74272829,meubles\7427_28_29.jpg,7427-28-29-001.jpg,backend/uploads/products/7427-28-29-001.jpg
7432.jpg,.jpg,.jpg,7432,7432,exact-normalise,100,7432,meubles\7432.jpg,7432-001.jpg,backend/uploads/products/7432-001.jpg
7453.jpg,.jpg,.jpg,7453,7453,exact-normalise,100,7453,meubles\7453.jpg,7453-001.jpg,backend/uploads/products/7453-001.jpg
7461_62.jpg,.jpg,.jpg,7461/62,746162,exact-normalise,100,746162,meubles\7461_62.jpg,7461-62-001.jpg,backend/uploads/products/7461-62-001.jpg
7495.png,.png,.png,7495,7495,exact-normalise,100,7495,meubles\7495.png,7495-001.png,backend/uploads/products/7495-001.png
8021.png,.png,.png,8021,8021,exact-normalise,100,8021,meubles\8021.png,8021-001.png,backend/uploads/products/8021-001.png
8042.png,.png,.png,8042,8042,exact-normalise,100,8042,meubles\8042.png,8042-001.png,backend/uploads/products/8042-001.png
8046.jpg,.jpg,.jpg,8046,8046,exact-normalise,100,8046,meubles\8046.jpg,8046-001.jpg,backend/uploads/products/8046-001.jpg
8052.jpg,.jpg,.jpg,8052,8052,exact-normalise,100,8052,meubles\8052.jpg,8052-001.jpg,backend/uploads/products/8052-001.jpg
8059_2-1-2.jpg,.jpg,.jpg,8059/2-1-2,8059212,exact-normalise,100,8059212,meubles\8059_2-1-2.jpg,8059-2-1-2-001.jpg,backend/uploads/products/8059-2-1-2-001.jpg
8060 (black).png,.png,.png,8060,8060,exact-sans-couleur,98,8060,meubles\8060 (black).png,8060-001.png,backend/uploads/products/8060-001.png
8060 (green).png,.png,.png,8060,8060,exact-sans-couleur,98,8060,meubles\8060 (green).png,8060-002.png,backend/uploads/products/8060-002.png
8060 (white).png,.png,.png,8060,8060,exact-sans-couleur,98,8060,meubles\8060 (white).png,8060-003.png,backend/uploads/products/8060-003.png
8071 (black).png,.png,.png,8071,8071,exact-sans-couleur,98,8071,meubles\8071 (black).png,8071-001.png,backend/uploads/products/8071-001.png
8076. (Pink).png,.png,.png,8076.,8076,exact-sans-couleur,98,8076,meubles\8076. (Pink).png,8076-001.png,backend/uploads/products/8076-001.png
8076. (Yellow).png,.png,.png,8076.,8076,exact-sans-couleur,98,8076,meubles\8076. (Yellow).png,8076-002.png,backend/uploads/products/8076-002.png
8077(1).jpg,.jpg,.jpg,8077,8077,numero-principal-unique,88,80771,meubles\8077(1).jpg,8077-001.jpg,backend/uploads/products/8077-001.jpg
8077.jpg,.jpg,.jpg,8077,8077,exact-normalise,100,8077,meubles\8077.jpg,8077-002.jpg,backend/uploads/products/8077-002.jpg
8082 (green).png,.png,.png,8082,8082,exact-sans-couleur,98,8082,meubles\8082 (green).png,8082-001.png,backend/uploads/products/8082-001.png
8082 (orange).jpg,.jpg,.jpg,8082,8082,exact-sans-couleur,98,8082,meubles\8082 (orange).jpg,8082-002.jpg,backend/uploads/products/8082-002.jpg
8082 (white).jpg,.jpg,.jpg,8082,8082,exact-sans-couleur,98,8082,meubles\8082 (white).jpg,8082-003.jpg,backend/uploads/products/8082-003.jpg
8083 (black).jpg,.jpg,.jpg,8083,8083,exact-sans-couleur,98,8083,meubles\8083 (black).jpg,8083-001.jpg,backend/uploads/products/8083-001.jpg
8083 (green).jpg,.jpg,.jpg,8083,8083,exact-sans-couleur,98,8083,meubles\8083 (green).jpg,8083-002.jpg,backend/uploads/products/8083-002.jpg
8083 (orange).png,.png,.png,8083,8083,exact-sans-couleur,98,8083,meubles\8083 (orange).png,8083-003.png,backend/uploads/products/8083-003.png
8083.png,.png,.png,8083,8083,exact-normalise,100,8083,meubles\8083.png,8083-004.png,backend/uploads/products/8083-004.png
8085.png,.png,.png,8085,8085,exact-normalise,100,8085,meubles\8085.png,8085-001.png,backend/uploads/products/8085-001.png
8094_3-1-2-3.jpg,.jpg,.jpg,8094/3-1-2-3,80943123,exact-normalise,100,80943123,meubles\8094_3-1-2-3.jpg,8094-3-1-2-3-001.jpg,backend/uploads/products/8094-3-1-2-3-001.jpg
8101.   #1,.jpg,.jpg,8101,8101,exact-normalise,100,8101,meubles\8101.   #1,8101-001.jpg,backend/uploads/products/8101-001.jpg
8101.   #2,.jpg,.jpg,8101,8101,exact-normalise,100,8101,meubles\8101.   #2,8101-002.jpg,backend/uploads/products/8101-002.jpg
8101.   #3,.jpg,.jpg,8101,8101,exact-normalise,100,8101,meubles\8101.   #3,8101-003.jpg,backend/uploads/products/8101-003.jpg
8101.   #4,.jpg,.jpg,8101,8101,exact-normalise,100,8101,meubles\8101.   #4,8101-004.jpg,backend/uploads/products/8101-004.jpg
8102.jpg,.jpg,.jpg,8102,8102,exact-normalise,100,8102,meubles\8102.jpg,8102-001.jpg,backend/uploads/products/8102-001.jpg
8103.   #1,.jpg,.jpg,8103,8103,exact-normalise,100,8103,meubles\8103.   #1,8103-001.jpg,backend/uploads/products/8103-001.jpg
8103.   #2,.jpg,.jpg,8103,8103,exact-normalise,100,8103,meubles\8103.   #2,8103-002.jpg,backend/uploads/products/8103-002.jpg
8103.   #3,.jpg,.jpg,8103,8103,exact-normalise,100,8103,meubles\8103.   #3,8103-003.jpg,backend/uploads/products/8103-003.jpg
8103.   #4,.jpg,.jpg,8103,8103,exact-normalise,100,8103,meubles\8103.   #4,8103-004.jpg,backend/uploads/products/8103-004.jpg
8105.jpg,.jpg,.jpg,8105,8105,exact-normalise,100,8105,meubles\8105.jpg,8105-001.jpg,backend/uploads/products/8105-001.jpg
8106.jpg,.jpg,.jpg,8106,8106,exact-normalise,100,8106,meubles\8106.jpg,8106-001.jpg,backend/uploads/products/8106-001.jpg
8107.png,.png,.png,8107,8107,exact-normalise,100,8107,meubles\8107.png,8107-001.png,backend/uploads/products/8107-001.png
8109.png,.png,.png,8109,8109,exact-normalise,100,8109,meubles\8109.png,8109-001.png,backend/uploads/products/8109-001.png
8110.png,.png,.png,8110,8110,exact-normalise,100,8110,meubles\8110.png,8110-001.png,backend/uploads/products/8110-001.png
8111.png,.png,.png,8111.,8111,exact-normalise,100,8111,meubles\8111.png,8111-001.png,backend/uploads/products/8111-001.png
8112.png,.png,.png,8112,8112,exact-normalise,100,8112,meubles\8112.png,8112-001.png,backend/uploads/products/8112-001.png
8116.jpg,.jpg,.jpg,8116,8116,exact-normalise,100,8116,meubles\8116.jpg,8116-001.jpg,backend/uploads/products/8116-001.jpg
8120.jpg,.jpg,.jpg,8120,8120,exact-normalise,100,8120,meubles\8120.jpg,8120-001.jpg,backend/uploads/products/8120-001.jpg
8125.jpg,.jpg,.jpg,8125,8125,exact-normalise,100,8125,meubles\8125.jpg,8125-001.jpg,backend/uploads/products/8125-001.jpg
8131_3-1-2-3.jpg,.jpg,.jpg,8131/3-1-2-3,81313123,exact-normalise,100,81313123,meubles\8131_3-1-2-3.jpg,8131-3-1-2-3-001.jpg,backend/uploads/products/8131-3-1-2-3-001.jpg
8133.jpg,.jpg,.jpg,8133,8133,exact-normalise,100,8133,meubles\8133.jpg,8133-001.jpg,backend/uploads/products/8133-001.jpg
8138 (pink).jpg,.jpg,.jpg,8138,8138,exact-sans-couleur,98,8138,meubles\8138 (pink).jpg,8138-001.jpg,backend/uploads/products/8138-001.jpg
8138 (red).jpg,.jpg,.jpg,8138,8138,exact-sans-couleur,98,8138,meubles\8138 (red).jpg,8138-002.jpg,backend/uploads/products/8138-002.jpg
8140.png,.png,.png,8140,8140,exact-normalise,100,8140,meubles\8140.png,8140-001.png,backend/uploads/products/8140-001.png
8142.png,.png,.png,8142,8142,exact-normalise,100,8142,meubles\8142.png,8142-001.png,backend/uploads/products/8142-001.png
8148.jpg,.jpg,.jpg,8148,8148,exact-normalise,100,8148,meubles\8148.jpg,8148-001.jpg,backend/uploads/products/8148-001.jpg
8154 (black).jpg,.jpg,.jpg,8154,8154,exact-sans-couleur,98,8154,meubles\8154 (black).jpg,8154-001.jpg,backend/uploads/products/8154-001.jpg
8154 (white).jpg,.jpg,.jpg,8154,8154,exact-sans-couleur,98,8154,meubles\8154 (white).jpg,8154-002.jpg,backend/uploads/products/8154-002.jpg
8155 (black).jpg,.jpg,.jpg,8155,8155,exact-sans-couleur,98,8155,meubles\8155 (black).jpg,8155-001.jpg,backend/uploads/products/8155-001.jpg
8155 (white).jpg,.jpg,.jpg,8155,8155,exact-sans-couleur,98,8155,meubles\8155 (white).jpg,8155-002.jpg,backend/uploads/products/8155-002.jpg
8157 et 8158.jpg,.jpg,.jpg,8157,8157,numero-principal-unique,88,81578158,meubles\8157 et 8158.jpg,8157-001.jpg,backend/uploads/products/8157-001.jpg
8158 (black).jpg,.jpg,.jpg,8158,8158,exact-sans-couleur,98,8158,meubles\8158 (black).jpg,8158-001.jpg,backend/uploads/products/8158-001.jpg
8158 (white).jpg,.jpg,.jpg,8158,8158,exact-sans-couleur,98,8158,meubles\8158 (white).jpg,8158-002.jpg,backend/uploads/products/8158-002.jpg
8159 (white).jpg,.jpg,.jpg,8159,8159,exact-sans-couleur,98,8159,meubles\8159 (white).jpg,8159-001.jpg,backend/uploads/products/8159-001.jpg
8160 (yellow).jpg,.jpg,.jpg,8160,8160,exact-sans-couleur,98,8160,meubles\8160 (yellow).jpg,8160-001.jpg,backend/uploads/products/8160-001.jpg
8189_2-1-2.jpg,.jpg,.jpg,8189/2-1-2,8189212,exact-normalise,100,8189212,meubles\8189_2-1-2.jpg,8189-2-1-2-001.jpg,backend/uploads/products/8189-2-1-2-001.jpg
8191.jpg,.jpg,.jpg,8191,8191,exact-normalise,100,8191,meubles\8191.jpg,8191-001.jpg,backend/uploads/products/8191-001.jpg
8191_2-1-2.jpg,.jpg,.jpg,8191/2-1-2,8191212,exact-normalise,100,8191212,meubles\8191_2-1-2.jpg,8191-2-1-2-001.jpg,backend/uploads/products/8191-2-1-2-001.jpg
8192.jpg,.jpg,.jpg,8192 m,8192m,signature-numerique,92,8192,meubles\8192.jpg,8192-m-001.jpg,backend/uploads/products/8192-m-001.jpg
8193.jpg,.jpg,.jpg,8193,8193,exact-normalise,100,8193,meubles\8193.jpg,8193-001.jpg,backend/uploads/products/8193-001.jpg
8193_2-1-2.jpg,.jpg,.jpg,8193/2-1-2,8193212,exact-normalise,100,8193212,meubles\8193_2-1-2.jpg,8193-2-1-2-001.jpg,backend/uploads/products/8193-2-1-2-001.jpg
8195.jpg,.jpg,.jpg,8195,8195,exact-normalise,100,8195,meubles\8195.jpg,8195-001.jpg,backend/uploads/products/8195-001.jpg
8195_2-1-2.jpg,.jpg,.jpg,8195/2-1-2,8195212,exact-normalise,100,8195212,meubles\8195_2-1-2.jpg,8195-2-1-2-001.jpg,backend/uploads/products/8195-2-1-2-001.jpg
8196.jpg,.jpg,.jpg,8196,8196,exact-normalise,100,8196,meubles\8196.jpg,8196-001.jpg,backend/uploads/products/8196-001.jpg
8197_2-1-2.jpg,.jpg,.jpg,8197/2-1-2,8197212,exact-normalise,100,8197212,meubles\8197_2-1-2.jpg,8197-2-1-2-001.jpg,backend/uploads/products/8197-2-1-2-001.jpg
8426•.jpg,.jpg,.jpg,8426,8426,exact-normalise,100,8426,meubles\8426•.jpg,8426-001.jpg,backend/uploads/products/8426-001.jpg
8428.jpg,.jpg,.jpg,8428,8428,exact-normalise,100,8428,meubles\8428.jpg,8428-001.jpg,backend/uploads/products/8428-001.jpg
8436.jpg,.jpg,.jpg,8436,8436,exact-normalise,100,8436,meubles\8436.jpg,8436-001.jpg,backend/uploads/products/8436-001.jpg
868 usb(1).   #2,.png,.png,868 usb,868usb,numero-principal-unique,88,868usb1,meubles\868 usb(1).   #2,868-usb-001.png,backend/uploads/products/868-usb-001.png
868 usb(1).   #3,.png,.png,868 usb,868usb,numero-principal-unique,88,868usb1,meubles\868 usb(1).   #3,868-usb-002.png,backend/uploads/products/868-usb-002.png
868 usb(1).   #4,.png,.png,868 usb,868usb,numero-principal-unique,88,868usb1,meubles\868 usb(1).   #4,868-usb-003.png,backend/uploads/products/868-usb-003.png
868 usb.   #1,.png,.png,868 usb,868usb,exact-normalise,100,868usb,meubles\868 usb.   #1,868-usb-004.png,backend/uploads/products/868-usb-004.png
868 usb.   #2,.png,.png,868 usb,868usb,exact-normalise,100,868usb,meubles\868 usb.   #2,868-usb-005.png,backend/uploads/products/868-usb-005.png
868 usb.   #3,.png,.png,868 usb,868usb,exact-normalise,100,868usb,meubles\868 usb.   #3,868-usb-006.png,backend/uploads/products/868-usb-006.png
868 usb.   #4,.png,.png,868 usb,868usb,exact-normalise,100,868usb,meubles\868 usb.   #4,868-usb-007.png,backend/uploads/products/868-usb-007.png
868 usb_black  #1.png,.png,.png,868 usb,868usb,exact-sans-couleur,98,868usb,meubles\868 usb_black  #1.png,868-usb-008.png,backend/uploads/products/868-usb-008.png
868_90.png,.png,.png,868/90,86890,exact-normalise,100,86890,meubles\868_90.png,868-90-001.png,backend/uploads/products/868-90-001.png
9010.  #1,.png,.png,9010,9010,exact-normalise,100,9010,meubles\9010.  #1,9010-001.png,backend/uploads/products/9010-001.png
9010.  #2,.jpg,.jpg,9010,9010,exact-normalise,100,9010,meubles\9010.  #2,9010-002.jpg,backend/uploads/products/9010-002.jpg
9010.  #3,.jpg,.jpg,9010,9010,exact-normalise,100,9010,meubles\9010.  #3,9010-003.jpg,backend/uploads/products/9010-003.jpg
9010.  #4,.jpg,.jpg,9010,9010,exact-normalise,100,9010,meubles\9010.  #4,9010-004.jpg,backend/uploads/products/9010-004.jpg
9115.  #1,.jpg,.jpg,9115,9115,exact-normalise,100,9115,meubles\9115.  #1,9115-001.jpg,backend/uploads/products/9115-001.jpg
9115.  #2,.jpg,.jpg,9115,9115,exact-normalise,100,9115,meubles\9115.  #2,9115-002.jpg,backend/uploads/products/9115-002.jpg
9115.  #3,.jpg,.jpg,9115,9115,exact-normalise,100,9115,meubles\9115.  #3,9115-003.jpg,backend/uploads/products/9115-003.jpg
9115.  #4,.jpg,.jpg,9115,9115,exact-normalise,100,9115,meubles\9115.  #4,9115-004.jpg,backend/uploads/products/9115-004.jpg
920.jpg,.jpg,.jpg,920,920,exact-normalise,100,920,meubles\920.jpg,920-001.jpg,backend/uploads/products/920-001.jpg
952.png,.png,.png,952,952,exact-normalise,100,952,meubles\952.png,952-001.png,backend/uploads/products/952-001.png
9830.  #1,.png,.png,9830,9830,exact-normalise,100,9830,meubles\9830.  #1,9830-001.png,backend/uploads/products/9830-001.png
9830.  #2,.png,.png,9830,9830,exact-normalise,100,9830,meubles\9830.  #2,9830-002.png,backend/uploads/products/9830-002.png
9830.  #3,.png,.png,9830,9830,exact-normalise,100,9830,meubles\9830.  #3,9830-003.png,backend/uploads/products/9830-003.png
9830.  #4,.png,.png,9830,9830,exact-normalise,100,9830,meubles\9830.  #4,9830-004.png,backend/uploads/products/9830-004.png
9831.   #1,.png,.png,9831,9831,exact-normalise,100,9831,meubles\9831.   #1,9831-001.png,backend/uploads/products/9831-001.png
9831.   #2,.png,.png,9831,9831,exact-normalise,100,9831,meubles\9831.   #2,9831-002.png,backend/uploads/products/9831-002.png
9831.   #3,.png,.png,9831,9831,exact-normalise,100,9831,meubles\9831.   #3,9831-003.png,backend/uploads/products/9831-003.png
9831.   #4,.png,.png,9831,9831,exact-normalise,100,9831,meubles\9831.   #4,9831-004.png,backend/uploads/products/9831-004.png
A 001.jpg,.jpg,.jpg,A 001,a001,exact-normalise,100,a001,meubles\A 001.jpg,a-001-001.jpg,backend/uploads/products/a-001-001.jpg
A 23.png,.png,.png,A 23,a23,exact-normalise,100,a23,meubles\A 23.png,a-23-001.png,backend/uploads/products/a-23-001.png
A 28_.png,.png,.png,A 28,a28,exact-normalise,100,a28,meubles\A 28_.png,a-28-001.png,backend/uploads/products/a-28-001.png
A 29_.jpg,.jpg,.jpg,A 29.,a29,exact-normalise,100,a29,meubles\A 29_.jpg,a-29-001.jpg,backend/uploads/products/a-29-001.jpg
A 30_.png,.png,.png,A 30.,a30,exact-normalise,100,a30,meubles\A 30_.png,a-30-001.png,backend/uploads/products/a-30-001.png
A 38.png,.png,.png,A 38,a38,exact-normalise,100,a38,meubles\A 38.png,a-38-001.png,backend/uploads/products/a-38-001.png
A264.   #1,.png,.png,A264,a264,exact-normalise,100,a264,meubles\A264.   #1,a264-001.png,backend/uploads/products/a264-001.png
A264.   #2,.png,.png,A264,a264,exact-normalise,100,a264,meubles\A264.   #2,a264-002.png,backend/uploads/products/a264-002.png
A264.   #3,.png,.png,A264,a264,exact-normalise,100,a264,meubles\A264.   #3,a264-003.png,backend/uploads/products/a264-003.png
A264.   #4,.png,.png,A264,a264,exact-normalise,100,a264,meubles\A264.   #4,a264-004.png,backend/uploads/products/a264-004.png
B 4004.  #1,.png,.png,B 4004,b4004,exact-normalise,100,b4004,meubles\B 4004.  #1,b-4004-001.png,backend/uploads/products/b-4004-001.png
B 4004.  #2,.jpg,.jpg,B 4004,b4004,exact-normalise,100,b4004,meubles\B 4004.  #2,b-4004-002.jpg,backend/uploads/products/b-4004-002.jpg
B 4004.  #3,.jpg,.jpg,B 4004,b4004,exact-normalise,100,b4004,meubles\B 4004.  #3,b-4004-003.jpg,backend/uploads/products/b-4004-003.jpg
B 4004.  #4,.jpg,.jpg,B 4004,b4004,exact-normalise,100,b4004,meubles\B 4004.  #4,b-4004-004.jpg,backend/uploads/products/b-4004-004.jpg
B 4024.   #1,.png,.png,B 4024,b4024,exact-normalise,100,b4024,meubles\B 4024.   #1,b-4024-001.png,backend/uploads/products/b-4024-001.png
B 4024.   #2,.jpg,.jpg,B 4024,b4024,exact-normalise,100,b4024,meubles\B 4024.   #2,b-4024-002.jpg,backend/uploads/products/b-4024-002.jpg
B 4024.   #3,.jpg,.jpg,B 4024,b4024,exact-normalise,100,b4024,meubles\B 4024.   #3,b-4024-003.jpg,backend/uploads/products/b-4024-003.jpg
B 4024.   #4,.jpg,.jpg,B 4024,b4024,exact-normalise,100,b4024,meubles\B 4024.   #4,b-4024-004.jpg,backend/uploads/products/b-4024-004.jpg
B 4026.  #1,.jpg,.jpg,B 4026,b4026,exact-normalise,100,b4026,meubles\B 4026.  #1,b-4026-001.jpg,backend/uploads/products/b-4026-001.jpg
B 4026.  #2,.jpg,.jpg,B 4026,b4026,exact-normalise,100,b4026,meubles\B 4026.  #2,b-4026-002.jpg,backend/uploads/products/b-4026-002.jpg
B 4026.  #3,.png,.png,B 4026,b4026,exact-normalise,100,b4026,meubles\B 4026.  #3,b-4026-003.png,backend/uploads/products/b-4026-003.png
B 4026.  #4,.jpg,.jpg,B 4026,b4026,exact-normalise,100,b4026,meubles\B 4026.  #4,b-4026-004.jpg,backend/uploads/products/b-4026-004.jpg
C 919.jpg,.jpg,.jpg,C 919,c919,exact-normalise,100,c919,meubles\C 919.jpg,c-919-001.jpg,backend/uploads/products/c-919-001.jpg
c 922 A.jpg,.jpg,.jpg,c 922 A,c922a,exact-normalise,100,c922a,meubles\c 922 A.jpg,c-922-a-001.jpg,backend/uploads/products/c-922-a-001.jpg
c 926.png,.png,.png,c 926,c926,exact-normalise,100,c926,meubles\c 926.png,c-926-001.png,backend/uploads/products/c-926-001.png
C 932.png,.png,.png,C 932,c932,exact-normalise,100,c932,meubles\C 932.png,c-932-001.png,backend/uploads/products/c-932-001.png
C922.jpg,.jpg,.jpg,c922,c922,exact-normalise,100,c922,meubles\C922.jpg,c922-001.jpg,backend/uploads/products/c922-001.jpg
cj 1323.png,.png,.png,cj 1323,cj1323,exact-normalise,100,cj1323,meubles\cj 1323.png,cj-1323-001.png,backend/uploads/products/cj-1323-001.png
cj 1359.png,.png,.png,cj 1359,cj1359,exact-normalise,100,cj1359,meubles\cj 1359.png,cj-1359-001.png,backend/uploads/products/cj-1359-001.png
cost 005.png,.png,.png,cost 005,cost005,exact-normalise,100,cost005,meubles\cost 005.png,cost-005-001.png,backend/uploads/products/cost-005-001.png
CT 232.png,.png,.png,CT 232,ct232,exact-normalise,100,ct232,meubles\CT 232.png,ct-232-001.png,backend/uploads/products/ct-232-001.png
d 004.  #1,.jpg,.jpg,d 004,d004,exact-normalise,100,d004,meubles\d 004.  #1,d-004-001.jpg,backend/uploads/products/d-004-001.jpg
d 004.  #2,.jpg,.jpg,d 004,d004,exact-normalise,100,d004,meubles\d 004.  #2,d-004-002.jpg,backend/uploads/products/d-004-002.jpg
d 004.  #3,.jpg,.jpg,d 004,d004,exact-normalise,100,d004,meubles\d 004.  #3,d-004-003.jpg,backend/uploads/products/d-004-003.jpg
d 004.  #4,.jpg,.jpg,d 004,d004,exact-normalise,100,d004,meubles\d 004.  #4,d-004-004.jpg,backend/uploads/products/d-004-004.jpg
d 224.  #1,.jpg,.jpg,d 224,d224,exact-normalise,100,d224,meubles\d 224.  #1,d-224-001.jpg,backend/uploads/products/d-224-001.jpg
d 224.  #2,.jpg,.jpg,d 224,d224,exact-normalise,100,d224,meubles\d 224.  #2,d-224-002.jpg,backend/uploads/products/d-224-002.jpg
d 224.  #3,.jpg,.jpg,d 224,d224,exact-normalise,100,d224,meubles\d 224.  #3,d-224-003.jpg,backend/uploads/products/d-224-003.jpg
d 224.  #4,.jpg,.jpg,d 224,d224,exact-normalise,100,d224,meubles\d 224.  #4,d-224-004.jpg,backend/uploads/products/d-224-004.jpg
d 233. #1,.jpg,.jpg,233,233,exact-sans-prefixe,95,233,meubles\d 233. #1,233-001.jpg,backend/uploads/products/233-001.jpg
d 233. #2,.jpg,.jpg,233,233,exact-sans-prefixe,95,233,meubles\d 233. #2,233-002.jpg,backend/uploads/products/233-002.jpg
d 233. #3,.jpg,.jpg,233,233,exact-sans-prefixe,95,233,meubles\d 233. #3,233-003.jpg,backend/uploads/products/233-003.jpg
d 233. #4,.jpg,.jpg,233,233,exact-sans-prefixe,95,233,meubles\d 233. #4,233-004.jpg,backend/uploads/products/233-004.jpg
D 9696_6 bk.  #1,.png,.png,D 9696/6 bk,d96966bk,exact-normalise,100,d96966,meubles\D 9696_6 bk.  #1,d-9696-6-bk-001.png,backend/uploads/products/d-9696-6-bk-001.png
D 9696_6 bk.  #2,.png,.png,D 9696/6 bk,d96966bk,exact-normalise,100,d96966,meubles\D 9696_6 bk.  #2,d-9696-6-bk-002.png,backend/uploads/products/d-9696-6-bk-002.png
D 9696_6 bk.  #3,.png,.png,D 9696/6 bk,d96966bk,exact-normalise,100,d96966,meubles\D 9696_6 bk.  #3,d-9696-6-bk-003.png,backend/uploads/products/d-9696-6-bk-003.png
D 9696_6 bk.  #4,.png,.png,D 9696/6 bk,d96966bk,exact-normalise,100,d96966,meubles\D 9696_6 bk.  #4,d-9696-6-bk-004.png,backend/uploads/products/d-9696-6-bk-004.png
D 9696_6 GD.  #1,.jpg,.jpg,D 9696/6 GD,d96966gd,exact-normalise,100,d96966gd,meubles\D 9696_6 GD.  #1,d-9696-6-gd-001.jpg,backend/uploads/products/d-9696-6-gd-001.jpg
D 9696_6 GD.  #2,.jpg,.jpg,D 9696/6 GD,d96966gd,exact-normalise,100,d96966gd,meubles\D 9696_6 GD.  #2,d-9696-6-gd-002.jpg,backend/uploads/products/d-9696-6-gd-002.jpg
D 9696_6 GD.  #3,.jpg,.jpg,D 9696/6 GD,d96966gd,exact-normalise,100,d96966gd,meubles\D 9696_6 GD.  #3,d-9696-6-gd-003.jpg,backend/uploads/products/d-9696-6-gd-003.jpg
D 9696_6 GD.  #4,.jpg,.jpg,D 9696/6 GD,d96966gd,exact-normalise,100,d96966gd,meubles\D 9696_6 GD.  #4,d-9696-6-gd-004.jpg,backend/uploads/products/d-9696-6-gd-004.jpg
D 9710_3.    #1,.jpg,.jpg,D 9710/3,d97103,exact-normalise,100,d97103,meubles\D 9710_3.    #1,d-9710-3-001.jpg,backend/uploads/products/d-9710-3-001.jpg
D 9710_3.    #2,.jpg,.jpg,D 9710/3,d97103,exact-normalise,100,d97103,meubles\D 9710_3.    #2,d-9710-3-002.jpg,backend/uploads/products/d-9710-3-002.jpg
D 9710_3.    #3,.jpg,.jpg,D 9710/3,d97103,exact-normalise,100,d97103,meubles\D 9710_3.    #3,d-9710-3-003.jpg,backend/uploads/products/d-9710-3-003.jpg
D 9710_3.    #4,.jpg,.jpg,D 9710/3,d97103,exact-normalise,100,d97103,meubles\D 9710_3.    #4,d-9710-3-004.jpg,backend/uploads/products/d-9710-3-004.jpg
D 9795_10.   #1,.jpg,.jpg,D 9795/10,d979510,exact-normalise,100,d979510,meubles\D 9795_10.   #1,d-9795-10-001.jpg,backend/uploads/products/d-9795-10-001.jpg
D 9795_10.   #2,.png,.png,D 9795/10,d979510,exact-normalise,100,d979510,meubles\D 9795_10.   #2,d-9795-10-002.png,backend/uploads/products/d-9795-10-002.png
D 9795_10.   #3,.jpg,.jpg,D 9795/10,d979510,exact-normalise,100,d979510,meubles\D 9795_10.   #3,d-9795-10-003.jpg,backend/uploads/products/d-9795-10-003.jpg
D 9795_10.   #4,.jpg,.jpg,D 9795/10,d979510,exact-normalise,100,d979510,meubles\D 9795_10.   #4,d-9795-10-004.jpg,backend/uploads/products/d-9795-10-004.jpg
d006. #1,.png,.png,d006,d006,exact-normalise,100,d006,meubles\d006. #1,d006-001.png,backend/uploads/products/d006-001.png
d006. #2,.png,.png,d006,d006,exact-normalise,100,d006,meubles\d006. #2,d006-002.png,backend/uploads/products/d006-002.png
d006. #3,.jpg,.jpg,d006,d006,exact-normalise,100,d006,meubles\d006. #3,d006-003.jpg,backend/uploads/products/d006-003.jpg
d006. #4,.jpg,.jpg,d006,d006,exact-normalise,100,d006,meubles\d006. #4,d006-004.jpg,backend/uploads/products/d006-004.jpg
D9688.  #1,.jpg,.jpg,D9688,d9688,exact-normalise,100,d9688,meubles\D9688.  #1,d9688-001.jpg,backend/uploads/products/d9688-001.jpg
D9688.  #2,.jpg,.jpg,D9688,d9688,exact-normalise,100,d9688,meubles\D9688.  #2,d9688-002.jpg,backend/uploads/products/d9688-002.jpg
D9688.  #3,.jpg,.jpg,D9688,d9688,exact-normalise,100,d9688,meubles\D9688.  #3,d9688-003.jpg,backend/uploads/products/d9688-003.jpg
D9688.  #4,.jpg,.jpg,D9688,d9688,exact-normalise,100,d9688,meubles\D9688.  #4,d9688-004.jpg,backend/uploads/products/d9688-004.jpg
flower 2 (blue).jpg,.jpg,.jpg,flower 2,flower2,exact-sans-couleur,98,flower2,meubles\flower 2 (blue).jpg,flower-2-001.jpg,backend/uploads/products/flower-2-001.jpg
flower 2 (purple).jpg,.jpg,.jpg,flower 2,flower2,exact-sans-couleur,98,flower2,meubles\flower 2 (purple).jpg,flower-2-002.jpg,backend/uploads/products/flower-2-002.jpg
flower 2 (red).jpg,.jpg,.jpg,flower 2,flower2,exact-sans-couleur,98,flower2,meubles\flower 2 (red).jpg,flower-2-003.jpg,backend/uploads/products/flower-2-003.jpg
flower 2 (transparent ).jpg,.jpg,.jpg,flower 2,flower2,exact-sans-couleur,98,flower2,meubles\flower 2 (transparent ).jpg,flower-2-004.jpg,backend/uploads/products/flower-2-004.jpg
flower 2 (yellow).jpg,.jpg,.jpg,flower 2,flower2,exact-sans-couleur,98,flower2,meubles\flower 2 (yellow).jpg,flower-2-005.jpg,backend/uploads/products/flower-2-005.jpg
flower 2.  (Green).jpg,.jpg,.jpg,flower 2,flower2,exact-sans-couleur,98,flower2,meubles\flower 2.  (Green).jpg,flower-2-006.jpg,backend/uploads/products/flower-2-006.jpg
H 2017-1.png,.png,.png,H 2017-1,h20171,exact-normalise,100,h20171,meubles\H 2017-1.png,h-2017-1-001.png,backend/uploads/products/h-2017-1-001.png
H 784.png,.png,.png,H 784,h784,exact-normalise,100,h784,meubles\H 784.png,h-784-001.png,backend/uploads/products/h-784-001.png
h788-1.png,.png,.png,h788-1,h7881,exact-normalise,100,h7881,meubles\h788-1.png,h788-1-001.png,backend/uploads/products/h788-1-001.png
HX 410.png,.png,.png,HX 410,hx410,exact-normalise,100,hx410,meubles\HX 410.png,hx-410-001.png,backend/uploads/products/hx-410-001.png
id 15.png,.png,.png,id 15,id15,exact-normalise,100,id15,meubles\id 15.png,id-15-001.png,backend/uploads/products/id-15-001.png
ID 21.png,.png,.png,ID 21,id21,exact-normalise,100,id21,meubles\ID 21.png,id-21-001.png,backend/uploads/products/id-21-001.png
ID-17.png,.png,.png,ID-17,id17,exact-normalise,100,id17,meubles\ID-17.png,id-17-001.png,backend/uploads/products/id-17-001.png
ID-18.png,.png,.png,ID-18,id18,exact-normalise,100,id18,meubles\ID-18.png,id-18-001.png,backend/uploads/products/id-18-001.png
JS 094_.png,.png,.png,JS 094.,js094,exact-normalise,100,js094,meubles\JS 094_.png,js-094-001.png,backend/uploads/products/js-094-001.png
JS 095_.png,.png,.png,JS 095.,js095,exact-normalise,100,js095,meubles\JS 095_.png,js-095-001.png,backend/uploads/products/js-095-001.png
js 28 A.png,.png,.png,js 28 A,js28a,exact-normalise,100,js28a,meubles\js 28 A.png,js-28-a-001.png,backend/uploads/products/js-28-a-001.png
js 32 B.png,.png,.png,js 32 B,js32b,exact-normalise,100,js32b,meubles\js 32 B.png,js-32-b-001.png,backend/uploads/products/js-32-b-001.png
kd 022.jpg,.jpg,.jpg,kd 022,kd022,exact-normalise,100,kd022,meubles\kd 022.jpg,kd-022-001.jpg,backend/uploads/products/kd-022-001.jpg
kd 159.png,.png,.png,kd 159,kd159,exact-normalise,100,kd159,meubles\kd 159.png,kd-159-001.png,backend/uploads/products/kd-159-001.png
kd 160.png,.png,.png,kd 160,kd160,exact-normalise,100,kd160,meubles\kd 160.png,kd-160-001.png,backend/uploads/products/kd-160-001.png
kd 247.png,.png,.png,kd 247,kd247,exact-normalise,100,kd247,meubles\kd 247.png,kd-247-001.png,backend/uploads/products/kd-247-001.png
L 002_6. #1,.png,.png,L 002/6,l0026,exact-normalise,100,l0026,meubles\L 002_6. #1,l-002-6-001.png,backend/uploads/products/l-002-6-001.png
L 002_6. #2,.jpg,.jpg,L 002/6,l0026,exact-normalise,100,l0026,meubles\L 002_6. #2,l-002-6-002.jpg,backend/uploads/products/l-002-6-002.jpg
L 002_6. #3,.jpg,.jpg,L 002/6,l0026,exact-normalise,100,l0026,meubles\L 002_6. #3,l-002-6-003.jpg,backend/uploads/products/l-002-6-003.jpg
L 002_6. #4,.jpg,.jpg,L 002/6,l0026,exact-normalise,100,l0026,meubles\L 002_6. #4,l-002-6-004.jpg,backend/uploads/products/l-002-6-004.jpg
L007_12.  #1,.png,.png,L007/12,l00712,exact-normalise,100,l00712,meubles\L007_12.  #1,l007-12-001.png,backend/uploads/products/l007-12-001.png
L007_12.  #2,.jpg,.jpg,L007/12,l00712,exact-normalise,100,l00712,meubles\L007_12.  #2,l007-12-002.jpg,backend/uploads/products/l007-12-002.jpg
L007_12.  #3,.jpg,.jpg,L007/12,l00712,exact-normalise,100,l00712,meubles\L007_12.  #3,l007-12-003.jpg,backend/uploads/products/l007-12-003.jpg
L007_12.  #4,.jpg,.jpg,L007/12,l00712,exact-normalise,100,l00712,meubles\L007_12.  #4,l007-12-004.jpg,backend/uploads/products/l007-12-004.jpg
Lustre 5969 #1.png,.png,.png,5969,5969,signature-numerique,92,lustre5969,meubles\Lustre 5969 #1.png,5969-001.png,backend/uploads/products/5969-001.png
Lustre 5969 #2.png,.png,.png,5969,5969,signature-numerique,92,lustre5969,meubles\Lustre 5969 #2.png,5969-002.png,backend/uploads/products/5969-002.png
Lustre 5969 #3.png,.png,.png,5969,5969,signature-numerique,92,lustre5969,meubles\Lustre 5969 #3.png,5969-003.png,backend/uploads/products/5969-003.png
Lustre 5969 #4.png,.png,.png,5969,5969,signature-numerique,92,lustre5969,meubles\Lustre 5969 #4.png,5969-004.png,backend/uploads/products/5969-004.png
MX 25-16 A.  #1,.jpg,.jpg,MX 25-16 A,mx2516a,exact-normalise,100,mx2516a,meubles\MX 25-16 A.  #1,mx-25-16-a-001.jpg,backend/uploads/products/mx-25-16-a-001.jpg
MX 25-16 A.  #2,.jpg,.jpg,MX 25-16 A,mx2516a,exact-normalise,100,mx2516a,meubles\MX 25-16 A.  #2,mx-25-16-a-002.jpg,backend/uploads/products/mx-25-16-a-002.jpg
MX 25-16 A.  #3,.jpg,.jpg,MX 25-16 A,mx2516a,exact-normalise,100,mx2516a,meubles\MX 25-16 A.  #3,mx-25-16-a-003.jpg,backend/uploads/products/mx-25-16-a-003.jpg
MX 25-16 A.  #4,.jpg,.jpg,MX 25-16 A,mx2516a,exact-normalise,100,mx2516a,meubles\MX 25-16 A.  #4,mx-25-16-a-004.jpg,backend/uploads/products/mx-25-16-a-004.jpg
MX 25-16.   #1,.jpg,.jpg,MX 25-16,mx2516,exact-normalise,100,mx2516,meubles\MX 25-16.   #1,mx-25-16-001.jpg,backend/uploads/products/mx-25-16-001.jpg
MX 25-16.   #2,.jpg,.jpg,MX 25-16,mx2516,exact-normalise,100,mx2516,meubles\MX 25-16.   #2,mx-25-16-002.jpg,backend/uploads/products/mx-25-16-002.jpg
MX 25-16.   #3,.jpg,.jpg,MX 25-16,mx2516,exact-normalise,100,mx2516,meubles\MX 25-16.   #3,mx-25-16-003.jpg,backend/uploads/products/mx-25-16-003.jpg
MX 25-16.   #4,.jpg,.jpg,MX 25-16,mx2516,exact-normalise,100,mx2516,meubles\MX 25-16.   #4,mx-25-16-004.jpg,backend/uploads/products/mx-25-16-004.jpg
MX 65_6.  #1,.jpg,.jpg,MX 65/6,mx656,exact-normalise,100,mx656,meubles\MX 65_6.  #1,mx-65-6-001.jpg,backend/uploads/products/mx-65-6-001.jpg
MX 65_6.  #2,.png,.png,MX 65/6,mx656,exact-normalise,100,mx656,meubles\MX 65_6.  #2,mx-65-6-002.png,backend/uploads/products/mx-65-6-002.png
MX 65_6.  #3,.png,.png,MX 65/6,mx656,exact-normalise,100,mx656,meubles\MX 65_6.  #3,mx-65-6-003.png,backend/uploads/products/mx-65-6-003.png
MX 65_6.  #4,.jpg,.jpg,MX 65/6,mx656,exact-normalise,100,mx656,meubles\MX 65_6.  #4,mx-65-6-004.jpg,backend/uploads/products/mx-65-6-004.jpg
P 8078_50.  #1,.jpg,.jpg,P 8078/50,p807850,exact-normalise,100,p807850,meubles\P 8078_50.  #1,p-8078-50-001.jpg,backend/uploads/products/p-8078-50-001.jpg
P 8078_50.  #2,.jpg,.jpg,P 8078/50,p807850,exact-normalise,100,p807850,meubles\P 8078_50.  #2,p-8078-50-002.jpg,backend/uploads/products/p-8078-50-002.jpg
P 8078_50.  #3,.jpg,.jpg,P 8078/50,p807850,exact-normalise,100,p807850,meubles\P 8078_50.  #3,p-8078-50-003.jpg,backend/uploads/products/p-8078-50-003.jpg
P 8078_50.  #4,.jpg,.jpg,P 8078/50,p807850,exact-normalise,100,p807850,meubles\P 8078_50.  #4,p-8078-50-004.jpg,backend/uploads/products/p-8078-50-004.jpg
P 8078_60.  #1,.png,.png,P 8078/60,p807860,exact-normalise,100,p807860,meubles\P 8078_60.  #1,p-8078-60-001.png,backend/uploads/products/p-8078-60-001.png
P 8078_60.  #2,.png,.png,P 8078/60,p807860,exact-normalise,100,p807860,meubles\P 8078_60.  #2,p-8078-60-002.png,backend/uploads/products/p-8078-60-002.png
P 8078_60.  #3,.png,.png,P 8078/60,p807860,exact-normalise,100,p807860,meubles\P 8078_60.  #3,p-8078-60-003.png,backend/uploads/products/p-8078-60-003.png
P 8078_60.  #4,.png,.png,P 8078/60,p807860,exact-normalise,100,p807860,meubles\P 8078_60.  #4,p-8078-60-004.png,backend/uploads/products/p-8078-60-004.png
P 8078_80.   #1,.png,.png,P 8078/80,p807880,exact-normalise,100,p807880,meubles\P 8078_80.   #1,p-8078-80-001.png,backend/uploads/products/p-8078-80-001.png
P 8078_80.   #2,.jpg,.jpg,P 8078/80,p807880,exact-normalise,100,p807880,meubles\P 8078_80.   #2,p-8078-80-002.jpg,backend/uploads/products/p-8078-80-002.jpg
P 8078_80.   #3,.jpg,.jpg,P 8078/80,p807880,exact-normalise,100,p807880,meubles\P 8078_80.   #3,p-8078-80-003.jpg,backend/uploads/products/p-8078-80-003.jpg
P 8078_80.   #4,.jpg,.jpg,P 8078/80,p807880,exact-normalise,100,p807880,meubles\P 8078_80.   #4,p-8078-80-004.jpg,backend/uploads/products/p-8078-80-004.jpg
ref 2329.jpg,.jpg,.jpg,2329,2329,signature-numerique,92,ref2329,meubles\ref 2329.jpg,2329-001.jpg,backend/uploads/products/2329-001.jpg
ref 2672.png,.png,.png,ref 2672,ref2672,exact-normalise,100,ref2672,meubles\ref 2672.png,ref-2672-001.png,backend/uploads/products/ref-2672-001.png
rim 13.png,.png,.png,rim 13,rim13,exact-normalise,100,rim13,meubles\rim 13.png,rim-13-001.png,backend/uploads/products/rim-13-001.png
rim 333.png,.png,.png,rim 333,rim333,exact-normalise,100,rim333,meubles\rim 333.png,rim-333-001.png,backend/uploads/products/rim-333-001.png
rim 54.jpg,.jpg,.jpg,rim 54,rim54,exact-normalise,100,rim54,meubles\rim 54.jpg,rim-54-001.jpg,backend/uploads/products/rim-54-001.jpg
Rim 59.png,.png,.png,rim 59,rim59,exact-normalise,100,rim59,meubles\Rim 59.png,rim-59-001.png,backend/uploads/products/rim-59-001.png
rim 63.jpg,.jpg,.jpg,rim 63,rim63,exact-normalise,100,rim63,meubles\rim 63.jpg,rim-63-001.jpg,backend/uploads/products/rim-63-001.jpg
rim002 (bège).jpg,.jpg,.jpg,rim002,rim002,signature-numerique,92,rim002bege,meubles\rim002 (bège).jpg,rim002-001.jpg,backend/uploads/products/rim002-001.jpg
rim002 (transparent ).jpg,.jpg,.jpg,rim002,rim002,exact-sans-couleur,98,rim002,meubles\rim002 (transparent ).jpg,rim002-002.jpg,backend/uploads/products/rim002-002.jpg
RL 9270 M.    #1,.png,.png,RL 9270 M,rl9270m,exact-normalise,100,rl9270m,meubles\RL 9270 M.    #1,rl-9270-m-001.png,backend/uploads/products/rl-9270-m-001.png
RL 9270 M.    #2,.png,.png,RL 9270 M,rl9270m,exact-normalise,100,rl9270m,meubles\RL 9270 M.    #2,rl-9270-m-002.png,backend/uploads/products/rl-9270-m-002.png
RL 9270 M.    #3,.png,.png,RL 9270 M,rl9270m,exact-normalise,100,rl9270m,meubles\RL 9270 M.    #3,rl-9270-m-003.png,backend/uploads/products/rl-9270-m-003.png
RL 9270 M.    #4,.png,.png,RL 9270 M,rl9270m,exact-normalise,100,rl9270m,meubles\RL 9270 M.    #4,rl-9270-m-004.png,backend/uploads/products/rl-9270-m-004.png
RT 9227_A.    #1,.jpg,.jpg,RT 9227_A,rt9227a,exact-normalise,100,rt9227a,meubles\RT 9227_A.    #1,rt-9227-a-001.jpg,backend/uploads/products/rt-9227-a-001.jpg
RT 9227_A.    #2,.jpg,.jpg,RT 9227_A,rt9227a,exact-normalise,100,rt9227a,meubles\RT 9227_A.    #2,rt-9227-a-002.jpg,backend/uploads/products/rt-9227-a-002.jpg
RT 9227_A.    #3,.jpg,.jpg,RT 9227_A,rt9227a,exact-normalise,100,rt9227a,meubles\RT 9227_A.    #3,rt-9227-a-003.jpg,backend/uploads/products/rt-9227-a-003.jpg
RT 9227_A.    #4,.jpg,.jpg,RT 9227_A,rt9227a,exact-normalise,100,rt9227a,meubles\RT 9227_A.    #4,rt-9227-a-004.jpg,backend/uploads/products/rt-9227-a-004.jpg
RT 9272-B.    #1,.jpg,.jpg,RT 9272-B,rt9272b,exact-normalise,100,rt9272b,meubles\RT 9272-B.    #1,rt-9272-b-001.jpg,backend/uploads/products/rt-9272-b-001.jpg
RT 9272-B.    #2,.jpg,.jpg,RT 9272-B,rt9272b,exact-normalise,100,rt9272b,meubles\RT 9272-B.    #2,rt-9272-b-002.jpg,backend/uploads/products/rt-9272-b-002.jpg
RT 9272-B.    #3,.jpg,.jpg,RT 9272-B,rt9272b,exact-normalise,100,rt9272b,meubles\RT 9272-B.    #3,rt-9272-b-003.jpg,backend/uploads/products/rt-9272-b-003.jpg
RT 9272-B.    #4,.jpg,.jpg,RT 9272-B,rt9272b,exact-normalise,100,rt9272b,meubles\RT 9272-B.    #4,rt-9272-b-004.jpg,backend/uploads/products/rt-9272-b-004.jpg
SC 11904.jpg,.jpg,.jpg,SC 11904,sc11904,exact-normalise,100,sc11904,meubles\SC 11904.jpg,sc-11904-001.jpg,backend/uploads/products/sc-11904-001.jpg
SC 126.png,.png,.png,SC 126,sc126,exact-normalise,100,sc126,meubles\SC 126.png,sc-126-001.png,backend/uploads/products/sc-126-001.png
SC 149.png,.png,.png,SC 149,sc149,exact-normalise,100,sc149,meubles\SC 149.png,sc-149-001.png,backend/uploads/products/sc-149-001.png
SC 150.png,.png,.png,SC 150,sc150,exact-normalise,100,sc150,meubles\SC 150.png,sc-150-001.png,backend/uploads/products/sc-150-001.png
SC 150_.png,.png,.png,SC 150,sc150,exact-normalise,100,sc150,meubles\SC 150_.png,sc-150-002.png,backend/uploads/products/sc-150-002.png
SR 1167_65   #1.png,.png,.png,SR 1167/65,sr116765,exact-normalise,100,sr116765,meubles\SR 1167_65   #1.png,sr-1167-65-001.png,backend/uploads/products/sr-1167-65-001.png
SR 1167_65   #2.png,.png,.png,SR 1167/65,sr116765,exact-normalise,100,sr116765,meubles\SR 1167_65   #2.png,sr-1167-65-002.png,backend/uploads/products/sr-1167-65-002.png
SR 1167_65   #3.png,.png,.png,SR 1167/65,sr116765,exact-normalise,100,sr116765,meubles\SR 1167_65   #3.png,sr-1167-65-003.png,backend/uploads/products/sr-1167-65-003.png
SR 1167_65   #4.png,.png,.png,SR 1167/65,sr116765,exact-normalise,100,sr116765,meubles\SR 1167_65   #4.png,sr-1167-65-004.png,backend/uploads/products/sr-1167-65-004.png
SS 016.png,.png,.png,SS 016,ss016,exact-normalise,100,ss016,meubles\SS 016.png,ss-016-001.png,backend/uploads/products/ss-016-001.png
ST 045.png,.png,.png,ST 045,st045,exact-normalise,100,st045,meubles\ST 045.png,st-045-001.png,backend/uploads/products/st-045-001.png
T 2203_black   #1.png,.png,.png,T 2203,t2203,exact-sans-couleur,98,t2203,meubles\T 2203_black   #1.png,t-2203-001.png,backend/uploads/products/t-2203-001.png
T 2203_black   #2.png,.png,.png,T 2203,t2203,exact-sans-couleur,98,t2203,meubles\T 2203_black   #2.png,t-2203-002.png,backend/uploads/products/t-2203-002.png
T 2203_black  #3.png,.png,.png,T 2203,t2203,exact-sans-couleur,98,t2203,meubles\T 2203_black  #3.png,t-2203-003.png,backend/uploads/products/t-2203-003.png
T 2203_black  #4.png,.png,.png,T 2203,t2203,exact-sans-couleur,98,t2203,meubles\T 2203_black  #4.png,t-2203-004.png,backend/uploads/products/t-2203-004.png
T 2203_white.  #1,.png,.png,T 2203,t2203,exact-sans-couleur,98,t2203,meubles\T 2203_white.  #1,t-2203-005.png,backend/uploads/products/t-2203-005.png
T 2203_white.  #2,.png,.png,T 2203,t2203,exact-sans-couleur,98,t2203,meubles\T 2203_white.  #2,t-2203-006.png,backend/uploads/products/t-2203-006.png
T 2203_white.  #3,.png,.png,T 2203,t2203,exact-sans-couleur,98,t2203,meubles\T 2203_white.  #3,t-2203-007.png,backend/uploads/products/t-2203-007.png
T 2203_white.  #4,.png,.png,T 2203,t2203,exact-sans-couleur,98,t2203,meubles\T 2203_white.  #4,t-2203-008.png,backend/uploads/products/t-2203-008.png
